fold_id,asof_mode,model_variant,horizon,threshold_type,threshold_value,target_usage,calibration_method,calibration_protocol,calibration_row_count,evaluation_row_count,scored_row_count,positive_event_count,negative_event_count,event_base_rate,brier_score,log_loss,expected_calibration_error,max_calibration_error,reliability_slope,reliability_intercept,roc_auc,average_precision,auc_retention_vs_identity,ap_retention_vs_identity,monotonic_bin_status,calibration_fit_status,skip_reason
fold_1,close_t_minus_1,sklearn_logistic_regression_l2_lbfgs,1,fixed,0.03,diagnostic_only,identity_uncalibrated_reference,validation_time_ordered_calibration_then_evaluation,366,366,366,2,364,0.00546448087431694,0.07166929600891399,0.2667942612134476,0.2010017389573396,0.8127898626985505,0.01075766212446751,0.0032433870412519445,0.5631868131868132,0.018623737373737376,1.0,1.0,non_monotonic,identity,
fold_1,close_t_minus_1,sklearn_logistic_regression_l2_lbfgs,1,fixed,0.03,diagnostic_only,platt_logistic_calibration,validation_time_ordered_calibration_then_evaluation,366,0,0,0,0,,,,,,,,,,,,no_scored_rows,skipped,insufficient_positive_calibration_events
fold_1,close_t_minus_1,sklearn_logistic_regression_l2_lbfgs,1,fixed,0.03,diagnostic_only,isotonic_calibration,validation_time_ordered_calibration_then_evaluation,366,0,0,0,0,,,,,,,,,,,,no_scored_rows,skipped,insufficient_positive_calibration_events
fold_1,close_t_minus_1,sklearn_logistic_regression_l2_lbfgs,3,fixed,0.03,diagnostic_only,identity_uncalibrated_reference,validation_time_ordered_calibration_then_evaluation,366,366,366,15,351,0.040983606557377046,0.25,0.6931471805599453,0.45901639344262296,0.45901639344262296,,,0.5,0.1348110060324713,1.0,1.0,insufficient_non_empty_bins,identity,
fold_1,close_t_minus_1,sklearn_logistic_regression_l2_lbfgs,3,fixed,0.03,diagnostic_only,platt_logistic_calibration,validation_time_ordered_calibration_then_evaluation,366,0,0,0,0,,,,,,,,,,,,no_scored_rows,skipped,insufficient_unique_calibration_scores
fold_1,close_t_minus_1,sklearn_logistic_regression_l2_lbfgs,3,fixed,0.03,diagnostic_only,isotonic_calibration,validation_time_ordered_calibration_then_evaluation,366,0,0,0,0,,,,,,,,,,,,no_scored_rows,skipped,insufficient_unique_calibration_scores
fold_1,close_t_minus_1,sklearn_logistic_regression_l2_lbfgs,3,fixed,0.05,diagnostic_only,identity_uncalibrated_reference,validation_time_ordered_calibration_then_evaluation,366,366,366,0,366,0.0,0.25,0.6931471805599453,0.5,0.5,,,,,,,insufficient_non_empty_bins,identity,
fold_1,close_t_minus_1,sklearn_logistic_regression_l2_lbfgs,3,fixed,0.05,diagnostic_only,platt_logistic_calibration,validation_time_ordered_calibration_then_evaluation,366,0,0,0,0,,,,,,,,,,,,no_scored_rows,skipped,insufficient_positive_calibration_events
fold_1,close_t_minus_1,sklearn_logistic_regression_l2_lbfgs,3,fixed,0.05,diagnostic_only,isotonic_calibration,validation_time_ordered_calibration_then_evaluation,366,0,0,0,0,,,,,,,,,,,,no_scored_rows,skipped,insufficient_positive_calibration_events
fold_1,close_t_minus_1,sklearn_logistic_regression_l2_lbfgs,5,fixed,0.03,eligible,identity_uncalibrated_reference,validation_time_ordered_calibration_then_evaluation,366,366,366,15,351,0.040983606557377046,0.25,0.6931471805599453,0.45901639344262296,0.45901639344262296,,,0.5,0.1348110060324713,1.0,1.0,insufficient_non_empty_bins,identity,
fold_1,close_t_minus_1,sklearn_logistic_regression_l2_lbfgs,5,fixed,0.03,eligible,platt_logistic_calibration,validation_time_ordered_calibration_then_evaluation,366,0,0,0,0,,,,,,,,,,,,no_scored_rows,skipped,insufficient_unique_calibration_scores
fold_1,close_t_minus_1,sklearn_logistic_regression_l2_lbfgs,5,fixed,0.03,eligible,isotonic_calibration,validation_time_ordered_calibration_then_evaluation,366,0,0,0,0,,,,,,,,,,,,no_scored_rows,skipped,insufficient_unique_calibration_scores
fold_1,close_t_minus_1,sklearn_logistic_regression_l2_lbfgs,5,fixed,0.05,eligible,identity_uncalibrated_reference,validation_time_ordered_calibration_then_evaluation,366,366,366,0,366,0.0,0.25,0.6931471805599453,0.5,0.5,,,,,,,insufficient_non_empty_bins,identity,
fold_1,close_t_minus_1,sklearn_logistic_regression_l2_lbfgs,5,fixed,0.05,eligible,platt_logistic_calibration,validation_time_ordered_calibration_then_evaluation,366,0,0,0,0,,,,,,,,,,,,no_scored_rows,skipped,insufficient_positive_calibration_events
fold_1,close_t_minus_1,sklearn_logistic_regression_l2_lbfgs,5,fixed,0.05,eligible,isotonic_calibration,validation_time_ordered_calibration_then_evaluation,366,0,0,0,0,,,,,,,,,,,,no_scored_rows,skipped,insufficient_positive_calibration_events
fold_1,close_t_minus_1,sklearn_logistic_regression_l2_lbfgs,5,fixed,0.08,eligible,identity_uncalibrated_reference,validation_time_ordered_calibration_then_evaluation,366,366,366,0,366,0.0,0.25,0.6931471805599453,0.5,0.5,,,,,,,insufficient_non_empty_bins,identity,
fold_1,close_t_minus_1,sklearn_logistic_regression_l2_lbfgs,5,fixed,0.08,eligible,platt_logistic_calibration,validation_time_ordered_calibration_then_evaluation,366,0,0,0,0,,,,,,,,,,,,no_scored_rows,skipped,insufficient_positive_calibration_events
fold_1,close_t_minus_1,sklearn_logistic_regression_l2_lbfgs,5,fixed,0.08,eligible,isotonic_calibration,validation_time_ordered_calibration_then_evaluation,366,0,0,0,0,,,,,,,,,,,,no_scored_rows,skipped,insufficient_positive_calibration_events
fold_1,close_t,sklearn_logistic_regression_l2_lbfgs,1,fixed,0.03,diagnostic_only,identity_uncalibrated_reference,validation_time_ordered_calibration_then_evaluation,366,366,366,2,364,0.00546448087431694,0.027777599758690406,0.11832663127849999,0.077122785039747,0.8607906761400045,-0.003211916489034215,0.005729744275490572,0.5521978021978022,0.010835495028102032,1.0,1.0,non_monotonic,identity,
fold_1,close_t,sklearn_logistic_regression_l2_lbfgs,1,fixed,0.03,diagnostic_only,platt_logistic_calibration,validation_time_ordered_calibration_then_evaluation,366,0,0,0,0,,,,,,,,,,,,no_scored_rows,skipped,insufficient_positive_calibration_events
fold_1,close_t,sklearn_logistic_regression_l2_lbfgs,1,fixed,0.03,diagnostic_only,isotonic_calibration,validation_time_ordered_calibration_then_evaluation,366,0,0,0,0,,,,,,,,,,,,no_scored_rows,skipped,insufficient_positive_calibration_events
fold_1,close_t,sklearn_logistic_regression_l2_lbfgs,3,fixed,0.03,diagnostic_only,identity_uncalibrated_reference,validation_time_ordered_calibration_then_evaluation,366,366,366,15,351,0.040983606557377046,0.25,0.6931471805599453,0.45901639344262296,0.45901639344262296,,,0.5,0.1348110060324713,1.0,1.0,insufficient_non_empty_bins,identity,
fold_1,close_t,sklearn_logistic_regression_l2_lbfgs,3,fixed,0.03,diagnostic_only,platt_logistic_calibration,validation_time_ordered_calibration_then_evaluation,366,0,0,0,0,,,,,,,,,,,,no_scored_rows,skipped,insufficient_unique_calibration_scores
fold_1,close_t,sklearn_logistic_regression_l2_lbfgs,3,fixed,0.03,diagnostic_only,isotonic_calibration,validation_time_ordered_calibration_then_evaluation,366,0,0,0,0,,,,,,,,,,,,no_scored_rows,skipped,insufficient_unique_calibration_scores
fold_1,close_t,sklearn_logistic_regression_l2_lbfgs,3,fixed,0.05,diagnostic_only,identity_uncalibrated_reference,validation_time_ordered_calibration_then_evaluation,366,366,366,0,366,0.0,0.25,0.6931471805599453,0.5,0.5,,,,,,,insufficient_non_empty_bins,identity,
fold_1,close_t,sklearn_logistic_regression_l2_lbfgs,3,fixed,0.05,diagnostic_only,platt_logistic_calibration,validation_time_ordered_calibration_then_evaluation,366,0,0,0,0,,,,,,,,,,,,no_scored_rows,skipped,insufficient_positive_calibration_events
fold_1,close_t,sklearn_logistic_regression_l2_lbfgs,3,fixed,0.05,diagnostic_only,isotonic_calibration,validation_time_ordered_calibration_then_evaluation,366,0,0,0,0,,,,,,,,,,,,no_scored_rows,skipped,insufficient_positive_calibration_events
fold_1,close_t,sklearn_logistic_regression_l2_lbfgs,5,fixed,0.03,eligible,identity_uncalibrated_reference,validation_time_ordered_calibration_then_evaluation,366,366,366,15,351,0.040983606557377046,0.25,0.6931471805599453,0.45901639344262296,0.45901639344262296,,,0.5,0.1348110060324713,1.0,1.0,insufficient_non_empty_bins,identity,
fold_1,close_t,sklearn_logistic_regression_l2_lbfgs,5,fixed,0.03,eligible,platt_logistic_calibration,validation_time_ordered_calibration_then_evaluation,366,0,0,0,0,,,,,,,,,,,,no_scored_rows,skipped,insufficient_unique_calibration_scores
fold_1,close_t,sklearn_logistic_regression_l2_lbfgs,5,fixed,0.03,eligible,isotonic_calibration,validation_time_ordered_calibration_then_evaluation,366,0,0,0,0,,,,,,,,,,,,no_scored_rows,skipped,insufficient_unique_calibration_scores
fold_1,close_t,sklearn_logistic_regression_l2_lbfgs,5,fixed,0.05,eligible,identity_uncalibrated_reference,validation_time_ordered_calibration_then_evaluation,366,366,366,0,366,0.0,0.25,0.6931471805599453,0.5,0.5,,,,,,,insufficient_non_empty_bins,identity,
fold_1,close_t,sklearn_logistic_regression_l2_lbfgs,5,fixed,0.05,eligible,platt_logistic_calibration,validation_time_ordered_calibration_then_evaluation,366,0,0,0,0,,,,,,,,,,,,no_scored_rows,skipped,insufficient_positive_calibration_events
fold_1,close_t,sklearn_logistic_regression_l2_lbfgs,5,fixed,0.05,eligible,isotonic_calibration,validation_time_ordered_calibration_then_evaluation,366,0,0,0,0,,,,,,,,,,,,no_scored_rows,skipped,insufficient_positive_calibration_events
fold_1,close_t,sklearn_logistic_regression_l2_lbfgs,5,fixed,0.08,eligible,identity_uncalibrated_reference,validation_time_ordered_calibration_then_evaluation,366,366,366,0,366,0.0,0.25,0.6931471805599453,0.5,0.5,,,,,,,insufficient_non_empty_bins,identity,
fold_1,close_t,sklearn_logistic_regression_l2_lbfgs,5,fixed,0.08,eligible,platt_logistic_calibration,validation_time_ordered_calibration_then_evaluation,366,0,0,0,0,,,,,,,,,,,,no_scored_rows,skipped,insufficient_positive_calibration_events
fold_1,close_t,sklearn_logistic_regression_l2_lbfgs,5,fixed,0.08,eligible,isotonic_calibration,validation_time_ordered_calibration_then_evaluation,366,0,0,0,0,,,,,,,,,,,,no_scored_rows,skipped,insufficient_positive_calibration_events
fold_2,close_t_minus_1,sklearn_logistic_regression_l2_lbfgs,1,fixed,0.03,diagnostic_only,identity_uncalibrated_reference,validation_time_ordered_calibration_then_evaluation,366,366,366,2,364,0.00546448087431694,0.1691510266802073,0.5224148288669598,0.38904207461134077,0.7504317029519038,0.03793765979757607,-0.00950217461561151,0.6620879120879121,0.04269882659713169,1.0,1.0,non_monotonic,identity,
fold_2,close_t_minus_1,sklearn_logistic_regression_l2_lbfgs,1,fixed,0.03,diagnostic_only,platt_logistic_calibration,validation_time_ordered_calibration_then_evaluation,366,0,0,0,0,,,,,,,,,,,,no_scored_rows,skipped,insufficient_positive_calibration_events
fold_2,close_t_minus_1,sklearn_logistic_regression_l2_lbfgs,1,fixed,0.03,diagnostic_only,isotonic_calibration,validation_time_ordered_calibration_then_evaluation,366,0,0,0,0,,,,,,,,,,,,no_scored_rows,skipped,insufficient_positive_calibration_events
fold_2,close_t_minus_1,sklearn_logistic_regression_l2_lbfgs,3,fixed,0.03,diagnostic_only,identity_uncalibrated_reference,validation_time_ordered_calibration_then_evaluation,366,366,366,20,346,0.0546448087431694,0.23865225603457188,0.6697532977245432,0.4239337515532579,0.6105375807197299,-0.32324053043811146,0.2093407964296943,0.34523121387283234,0.04204278460710965,1.0,1.0,non_monotonic,identity,
fold_2,close_t_minus_1,sklearn_logistic_regression_l2_lbfgs,3,fixed,0.03,diagnostic_only,platt_logistic_calibration,validation_time_ordered_calibration_then_evaluation,366,366,366,20,346,0.0546448087431694,0.05381156418087816,0.27002239120446975,0.04628506317064804,0.04628506317064804,-90.74686086299164,0.8132654770627752,0.34523121387283234,0.04204278460710965,1.0,1.0,insufficient_non_empty_bins,fitted,
fold_2,close_t_minus_1,sklearn_logistic_regression_l2_lbfgs,3,fixed,0.03,diagnostic_only,isotonic_calibration,validation_time_ordered_calibration_then_evaluation,366,366,366,20,346,0.0546448087431694,0.05736553626324754,1.7310306572363923,0.06334557686156832,0.5,-0.07735278691181703,0.056175821238065984,0.4890173410404624,0.07375799829053901,1.4164922561741315,1.7543556874219546,non_monotonic,fitted,
fold_2,close_t_minus_1,sklearn_logistic_regression_l2_lbfgs,3,fixed,0.05,diagnostic_only,identity_uncalibrated_reference,validation_time_ordered_calibration_then_evaluation,366,366,366,4,362,0.01092896174863388,0.05620475051132093,0.2501812553371927,0.19009727567605236,0.6829398247716117,0.013669781024943086,0.008180977102770198,0.5386740331491713,0.03417927002360837,1.0,1.0,non_monotonic,identity,
fold_2,close_t_minus_1,sklearn_logistic_regression_l2_lbfgs,3,fixed,0.05,diagnostic_only,platt_logistic_calibration,validation_time_ordered_calibration_then_evaluation,366,0,0,0,0,,,,,,,,,,,,no_scored_rows,skipped,insufficient_positive_calibration_events
fold_2,close_t_minus_1,sklearn_logistic_regression_l2_lbfgs,3,fixed,0.05,diagnostic_only,isotonic_calibration,validation_time_ordered_calibration_then_evaluation,366,0,0,0,0,,,,,,,,,,,,no_scored_rows,skipped,insufficient_positive_calibration_events
fold_2,close_t_minus_1,sklearn_logistic_regression_l2_lbfgs,5,fixed,0.03,eligible,identity_uncalibrated_reference,validation_time_ordered_calibration_then_evaluation,366,366,366,23,343,0.06284153005464481,0.06424157962867501,0.5376735947977174,0.06186583477289987,0.36706707735038335,-0.36049429823856693,0.0670913913540297,0.4212194194447966,0.05545022476836397,1.0,1.0,non_monotonic,identity,
fold_2,close_t_minus_1,sklearn_logistic_regression_l2_lbfgs,5,fixed,0.03,eligible,platt_logistic_calibration,validation_time_ordered_calibration_then_evaluation,366,366,366,23,343,0.06284153005464481,0.059363102681128786,0.23987893681853908,0.02179068780303426,0.02179068780303426,98.79418976916844,-3.9927431695351636,0.5787805805552034,0.09017886718784655,1.374059584712609,1.6263030053450085,insufficient_non_empty_bins,fitted,
fold_2,close_t_minus_1,sklearn_logistic_regression_l2_lbfgs,5,fixed,0.03,eligible,isotonic_calibration,validation_time_ordered_calibration_then_evaluation,366,366,366,23,343,0.06284153005464481,0.05976946672890782,0.24622863149455093,0.025430696313265555,0.025430696313265555,-0.8200834582911105,0.09352153596682895,0.4633033337558626,0.07337693894152107,1.0999097201324104,1.3232938053550476,insufficient_non_empty_bins,fitted,
fold_2,close_t_minus_1,sklearn_logistic_regression_l2_lbfgs,5,fixed,0.05,eligible,identity_uncalibrated_reference,validation_time_ordered_calibration_then_evaluation,366,366,366,9,357,0.02459016393442623,0.02534085595222465,0.2504870507484744,0.024923230510144955,0.315442221390822,-0.17900083744719975,0.025754240782372744,0.42888266417678184,0.026058347867019375,1.0,1.0,non_monotonic,identity,
fold_2,close_t_minus_1,sklearn_logistic_regression_l2_lbfgs,5,fixed,0.05,eligible,platt_logistic_calibration,validation_time_ordered_calibration_then_evaluation,366,366,366,9,357,0.02459016393442623,0.024169476702895338,0.12165481905202798,0.013573813002302093,0.013573813002302093,187.59427614458326,-2.0420142149321046,0.5711173358232182,0.04972205267871364,1.3316400580551524,1.908104571036298,insufficient_non_empty_bins,fitted,
fold_2,close_t_minus_1,sklearn_logistic_regression_l2_lbfgs,5,fixed,0.05,eligible,isotonic_calibration,validation_time_ordered_calibration_then_evaluation,366,366,366,9,357,0.02459016393442623,0.02425701223463636,0.20482233157394047,0.014845719992585122,0.014845719992585122,-4.911306321347265,0.07244811306400452,0.44755680049797697,0.043989296769607104,1.0435413642960814,1.6881076649253712,insufficient_non_empty_bins,fitted,
fold_2,close_t_minus_1,sklearn_logistic_regression_l2_lbfgs,5,fixed,0.08,eligible,identity_uncalibrated_reference,validation_time_ordered_calibration_then_evaluation,366,366,366,0,366,0.0,0.0006086248586132448,0.005933532168339423,0.005580637303735355,0.2560654890883326,0.0,-0.0,,,,,pass,identity,
fold_2,close_t_minus_1,sklearn_logistic_regression_l2_lbfgs,5,fixed,0.08,eligible,platt_logistic_calibration,validation_time_ordered_calibration_then_evaluation,366,0,0,0,0,,,,,,,,,,,,no_scored_rows,skipped,insufficient_positive_calibration_events
fold_2,close_t_minus_1,sklearn_logistic_regression_l2_lbfgs,5,fixed,0.08,eligible,isotonic_calibration,validation_time_ordered_calibration_then_evaluation,366,0,0,0,0,,,,,,,,,,,,no_scored_rows,skipped,insufficient_positive_calibration_events
fold_2,close_t_minus_1,sklearn_logistic_regression_l2_lbfgs,10,fixed,0.03,eligible,identity_uncalibrated_reference,validation_time_ordered_calibration_then_evaluation,366,366,366,23,343,0.06284153005464481,0.25,0.6931471805599453,0.4371584699453552,0.4371584699453552,,,0.5,0.11060862394631382,1.0,1.0,insufficient_non_empty_bins,identity,
fold_2,close_t_minus_1,sklearn_logistic_regression_l2_lbfgs,10,fixed,0.03,eligible,platt_logistic_calibration,validation_time_ordered_calibration_then_evaluation,366,0,0,0,0,,,,,,,,,,,,no_scored_rows,skipped,insufficient_unique_calibration_scores
fold_2,close_t_minus_1,sklearn_logistic_regression_l2_lbfgs,10,fixed,0.03,eligible,isotonic_calibration,validation_time_ordered_calibration_then_evaluation,366,0,0,0,0,,,,,,,,,,,,no_scored_rows,skipped,insufficient_unique_calibration_scores
fold_2,close_t_minus_1,sklearn_logistic_regression_l2_lbfgs,10,fixed,0.05,eligible,identity_uncalibrated_reference,validation_time_ordered_calibration_then_evaluation,366,366,366,9,357,0.02459016393442623,0.25,0.6931471805599453,0.47540983606557374,0.47540983606557374,,,0.5,0.07422418154787482,1.0,1.0,insufficient_non_empty_bins,identity,
fold_2,close_t_minus_1,sklearn_logistic_regression_l2_lbfgs,10,fixed,0.05,eligible,platt_logistic_calibration,validation_time_ordered_calibration_then_evaluation,366,0,0,0,0,,,,,,,,,,,,no_scored_rows,skipped,insufficient_unique_calibration_scores
fold_2,close_t_minus_1,sklearn_logistic_regression_l2_lbfgs,10,fixed,0.05,eligible,isotonic_calibration,validation_time_ordered_calibration_then_evaluation,366,0,0,0,0,,,,,,,,,,,,no_scored_rows,skipped,insufficient_unique_calibration_scores
fold_2,close_t_minus_1,sklearn_logistic_regression_l2_lbfgs,10,fixed,0.08,eligible,identity_uncalibrated_reference,validation_time_ordered_calibration_then_evaluation,366,366,366,0,366,0.0,0.25,0.6931471805599453,0.5,0.5,,,,,,,insufficient_non_empty_bins,identity,
fold_2,close_t_minus_1,sklearn_logistic_regression_l2_lbfgs,10,fixed,0.08,eligible,platt_logistic_calibration,validation_time_ordered_calibration_then_evaluation,366,0,0,0,0,,,,,,,,,,,,no_scored_rows,skipped,insufficient_positive_calibration_events
fold_2,close_t_minus_1,sklearn_logistic_regression_l2_lbfgs,10,fixed,0.08,eligible,isotonic_calibration,validation_time_ordered_calibration_then_evaluation,366,0,0,0,0,,,,,,,,,,,,no_scored_rows,skipped,insufficient_positive_calibration_events
fold_2,close_t_minus_1,sklearn_logistic_regression_l2_lbfgs,10,fixed,0.1,eligible,identity_uncalibrated_reference,validation_time_ordered_calibration_then_evaluation,366,366,366,0,366,0.0,0.25,0.6931471805599453,0.5,0.5,,,,,,,insufficient_non_empty_bins,identity,
fold_2,close_t_minus_1,sklearn_logistic_regression_l2_lbfgs,10,fixed,0.1,eligible,platt_logistic_calibration,validation_time_ordered_calibration_then_evaluation,366,0,0,0,0,,,,,,,,,,,,no_scored_rows,skipped,insufficient_positive_calibration_events
fold_2,close_t_minus_1,sklearn_logistic_regression_l2_lbfgs,10,fixed,0.1,eligible,isotonic_calibration,validation_time_ordered_calibration_then_evaluation,366,0,0,0,0,,,,,,,,,,,,no_scored_rows,skipped,insufficient_positive_calibration_events
fold_2,close_t,sklearn_logistic_regression_l2_lbfgs,1,fixed,0.03,diagnostic_only,identity_uncalibrated_reference,validation_time_ordered_calibration_then_evaluation,366,366,366,2,364,0.00546448087431694,0.265301046574908,0.7233624990038989,0.48460116846556006,0.7249719228893061,-0.020512259494664148,0.01551683464299758,0.3008241758241758,0.005712674240593022,1.0,1.0,non_monotonic,identity,
fold_2,close_t,sklearn_logistic_regression_l2_lbfgs,1,fixed,0.03,diagnostic_only,platt_logistic_calibration,validation_time_ordered_calibration_then_evaluation,366,0,0,0,0,,,,,,,,,,,,no_scored_rows,skipped,insufficient_positive_calibration_events
fold_2,close_t,sklearn_logistic_regression_l2_lbfgs,1,fixed,0.03,diagnostic_only,isotonic_calibration,validation_time_ordered_calibration_then_evaluation,366,0,0,0,0,,,,,,,,,,,,no_scored_rows,skipped,insufficient_positive_calibration_events
fold_2,close_t,sklearn_logistic_regression_l2_lbfgs,3,fixed,0.03,diagnostic_only,identity_uncalibrated_reference,validation_time_ordered_calibration_then_evaluation,366,366,366,20,346,0.0546448087431694,0.07129216089484848,0.2717514938571267,0.10782009964576686,0.5423759515364125,0.13910165223802828,0.032045671555568464,0.6252890173410405,0.07795840198175753,1.0,1.0,non_monotonic,identity,
fold_2,close_t,sklearn_logistic_regression_l2_lbfgs,3,fixed,0.03,diagnostic_only,platt_logistic_calibration,validation_time_ordered_calibration_then_evaluation,366,366,366,20,346,0.0546448087431694,0.05381630546374786,0.2703116967625533,0.04639428619558607,0.04639428619558607,-87.43305610222978,0.7760132095187342,0.3747109826589595,0.04240904675712692,0.599260457591865,0.5439958449513979,insufficient_non_empty_bins,fitted,
fold_2,close_t,sklearn_logistic_regression_l2_lbfgs,3,fixed,0.03,diagnostic_only,isotonic_calibration,validation_time_ordered_calibration_then_evaluation,366,366,366,20,346,0.0546448087431694,0.053953626007675566,0.90626143288163,0.04965528465740388,0.04965528465740388,3.1757420236326457,0.03879936742607664,0.5864161849710983,0.15956854175468016,0.9378322163161543,2.046842132449298,insufficient_non_empty_bins,fitted,
fold_2,close_t,sklearn_logistic_regression_l2_lbfgs,3,fixed,0.05,diagnostic_only,identity_uncalibrated_reference,validation_time_ordered_calibration_then_evaluation,366,366,366,4,362,0.01092896174863388,0.05526654313769879,0.2567832207285024,0.20092921077699538,0.3144268268168409,-0.04861542973232422,0.02122853784827223,0.39226519337016574,0.010917181666470085,1.0,1.0,non_monotonic,identity,
fold_2,close_t,sklearn_logistic_regression_l2_lbfgs,3,fixed,0.05,diagnostic_only,platt_logistic_calibration,validation_time_ordered_calibration_then_evaluation,366,0,0,0,0,,,,,,,,,,,,no_scored_rows,skipped,insufficient_positive_calibration_events
fold_2,close_t,sklearn_logistic_regression_l2_lbfgs,3,fixed,0.05,diagnostic_only,isotonic_calibration,validation_time_ordered_calibration_then_evaluation,366,0,0,0,0,,,,,,,,,,,,no_scored_rows,skipped,insufficient_positive_calibration_events
fold_2,close_t,sklearn_logistic_regression_l2_lbfgs,5,fixed,0.03,eligible,identity_uncalibrated_reference,validation_time_ordered_calibration_then_evaluation,366,366,366,23,343,0.06284153005464481,0.06285012295038221,0.3611800547392511,0.047209601298043996,0.2513675415075999,-0.43766427694376686,0.07215604794809984,0.3797692990239574,0.05490224938783132,1.0,1.0,non_monotonic,identity,
fold_2,close_t,sklearn_logistic_regression_l2_lbfgs,5,fixed,0.03,eligible,platt_logistic_calibration,validation_time_ordered_calibration_then_evaluation,366,366,366,23,343,0.06284153005464481,0.05937619022448541,0.24004556027407994,0.021898486520903513,0.02189848652090351,-109.06886197118327,4.528452693916423,0.3797692990239574,0.05490224938783132,1.0,1.0,insufficient_non_empty_bins,fitted,
fold_2,close_t,sklearn_logistic_regression_l2_lbfgs,5,fixed,0.03,eligible,isotonic_calibration,validation_time_ordered_calibration_then_evaluation,366,366,366,23,343,0.06284153005464481,0.0607045853391609,0.5909390294611205,0.0314918997454152,0.03922033911726526,-0.5019372816744783,0.07997554797430984,0.4266700469007479,0.0744564950971058,1.1234979973297732,1.356164746022383,pass,fitted,
fold_2,close_t,sklearn_logistic_regression_l2_lbfgs,5,fixed,0.05,eligible,identity_uncalibrated_reference,validation_time_ordered_calibration_then_evaluation,366,366,366,9,357,0.02459016393442623,0.02602300764037902,0.1679524372741712,0.021980289891248988,0.307699564162051,-0.1305029453981423,0.026863810466537918,0.4117647058823529,0.024908851902489215,1.0,1.0,non_monotonic,identity,
fold_2,close_t,sklearn_logistic_regression_l2_lbfgs,5,fixed,0.05,eligible,platt_logistic_calibration,validation_time_ordered_calibration_then_evaluation,366,366,366,9,357,0.02459016393442623,0.024169960022999534,0.12167700651925488,0.013591534537109868,0.013591534537109866,207.96378577161389,-2.2627264438304486,0.5882352941176471,0.050144059140613435,1.4285714285714286,2.013101982255649,insufficient_non_empty_bins,fitted,
fold_2,close_t,sklearn_logistic_regression_l2_lbfgs,5,fixed,0.05,eligible,isotonic_calibration,validation_time_ordered_calibration_then_evaluation,366,366,366,9,357,0.02459016393442623,0.0243001480637992,0.20737490595486976,0.01521165008301696,0.015211650083016958,-0.9969849480019883,0.03394040107890942,0.4531590413943355,0.030161078644180345,1.1005291005291005,1.210857841310874,insufficient_non_empty_bins,fitted,
fold_2,close_t,sklearn_logistic_regression_l2_lbfgs,5,fixed,0.08,eligible,identity_uncalibrated_reference,validation_time_ordered_calibration_then_evaluation,366,366,366,0,366,0.0,0.001262262230800413,0.013170813634697387,0.012443795868568542,0.24606838715991813,0.0,-0.0,,,,,pass,identity,
fold_2,close_t,sklearn_logistic_regression_l2_lbfgs,5,fixed,0.08,eligible,platt_logistic_calibration,validation_time_ordered_calibration_then_evaluation,366,0,0,0,0,,,,,,,,,,,,no_scored_rows,skipped,insufficient_positive_calibration_events
fold_2,close_t,sklearn_logistic_regression_l2_lbfgs,5,fixed,0.08,eligible,isotonic_calibration,validation_time_ordered_calibration_then_evaluation,366,0,0,0,0,,,,,,,,,,,,no_scored_rows,skipped,insufficient_positive_calibration_events
fold_2,close_t,sklearn_logistic_regression_l2_lbfgs,10,fixed,0.03,eligible,identity_uncalibrated_reference,validation_time_ordered_calibration_then_evaluation,366,366,366,23,343,0.06284153005464481,0.25,0.6931471805599453,0.4371584699453552,0.4371584699453552,,,0.5,0.11060862394631382,1.0,1.0,insufficient_non_empty_bins,identity,
fold_2,close_t,sklearn_logistic_regression_l2_lbfgs,10,fixed,0.03,eligible,platt_logistic_calibration,validation_time_ordered_calibration_then_evaluation,366,0,0,0,0,,,,,,,,,,,,no_scored_rows,skipped,insufficient_unique_calibration_scores
fold_2,close_t,sklearn_logistic_regression_l2_lbfgs,10,fixed,0.03,eligible,isotonic_calibration,validation_time_ordered_calibration_then_evaluation,366,0,0,0,0,,,,,,,,,,,,no_scored_rows,skipped,insufficient_unique_calibration_scores
fold_2,close_t,sklearn_logistic_regression_l2_lbfgs,10,fixed,0.05,eligible,identity_uncalibrated_reference,validation_time_ordered_calibration_then_evaluation,366,366,366,9,357,0.02459016393442623,0.25,0.6931471805599453,0.47540983606557374,0.47540983606557374,,,0.5,0.07422418154787482,1.0,1.0,insufficient_non_empty_bins,identity,
fold_2,close_t,sklearn_logistic_regression_l2_lbfgs,10,fixed,0.05,eligible,platt_logistic_calibration,validation_time_ordered_calibration_then_evaluation,366,0,0,0,0,,,,,,,,,,,,no_scored_rows,skipped,insufficient_unique_calibration_scores
fold_2,close_t,sklearn_logistic_regression_l2_lbfgs,10,fixed,0.05,eligible,isotonic_calibration,validation_time_ordered_calibration_then_evaluation,366,0,0,0,0,,,,,,,,,,,,no_scored_rows,skipped,insufficient_unique_calibration_scores
fold_2,close_t,sklearn_logistic_regression_l2_lbfgs,10,fixed,0.08,eligible,identity_uncalibrated_reference,validation_time_ordered_calibration_then_evaluation,366,366,366,0,366,0.0,0.25,0.6931471805599453,0.5,0.5,,,,,,,insufficient_non_empty_bins,identity,
fold_2,close_t,sklearn_logistic_regression_l2_lbfgs,10,fixed,0.08,eligible,platt_logistic_calibration,validation_time_ordered_calibration_then_evaluation,366,0,0,0,0,,,,,,,,,,,,no_scored_rows,skipped,insufficient_positive_calibration_events
fold_2,close_t,sklearn_logistic_regression_l2_lbfgs,10,fixed,0.08,eligible,isotonic_calibration,validation_time_ordered_calibration_then_evaluation,366,0,0,0,0,,,,,,,,,,,,no_scored_rows,skipped,insufficient_positive_calibration_events
fold_2,close_t,sklearn_logistic_regression_l2_lbfgs,10,fixed,0.1,eligible,identity_uncalibrated_reference,validation_time_ordered_calibration_then_evaluation,366,366,366,0,366,0.0,0.25,0.6931471805599453,0.5,0.5,,,,,,,insufficient_non_empty_bins,identity,
fold_2,close_t,sklearn_logistic_regression_l2_lbfgs,10,fixed,0.1,eligible,platt_logistic_calibration,validation_time_ordered_calibration_then_evaluation,366,0,0,0,0,,,,,,,,,,,,no_scored_rows,skipped,insufficient_positive_calibration_events
fold_2,close_t,sklearn_logistic_regression_l2_lbfgs,10,fixed,0.1,eligible,isotonic_calibration,validation_time_ordered_calibration_then_evaluation,366,0,0,0,0,,,,,,,,,,,,no_scored_rows,skipped,insufficient_positive_calibration_events
fold_3,close_t_minus_1,sklearn_logistic_regression_l2_lbfgs,1,fixed,0.03,diagnostic_only,identity_uncalibrated_reference,validation_time_ordered_calibration_then_evaluation,366,366,366,11,355,0.030054644808743168,0.22479179060605514,0.6423591281041323,0.40723607088228664,0.8283436639904234,-0.19411112628699212,0.11432995341579225,0.22842509603072983,0.022902075882329863,1.0,1.0,non_monotonic,identity,
fold_3,close_t_minus_1,sklearn_logistic_regression_l2_lbfgs,1,fixed,0.03,diagnostic_only,platt_logistic_calibration,validation_time_ordered_calibration_then_evaluation,366,366,366,11,355,0.030054644808743168,0.029745655170532646,0.16096989586462945,0.024680755002679574,0.024680755002679574,123.93196300150042,-0.6359420678104704,0.7715749039692702,0.20199408466801322,3.3778026905829597,8.819902864083256,insufficient_non_empty_bins,fitted,
fold_3,close_t_minus_1,sklearn_logistic_regression_l2_lbfgs,1,fixed,0.03,diagnostic_only,isotonic_calibration,validation_time_ordered_calibration_then_evaluation,366,366,366,11,355,0.030054644808743168,0.029780744494126682,0.2415186907710872,0.024574942539233143,0.024574942539233143,-24.930555555555518,0.16666666666666602,0.4615877080665813,0.018770386994857616,2.0207399103139014,0.8195932583272917,insufficient_non_empty_bins,fitted,
fold_3,close_t_minus_1,sklearn_logistic_regression_l2_lbfgs,3,fixed,0.03,diagnostic_only,identity_uncalibrated_reference,validation_time_ordered_calibration_then_evaluation,366,366,366,23,343,0.06284153005464481,0.15901077842257505,0.515954488971866,0.2971425348464239,0.7249238134570237,-0.5371738745980039,0.2342316520815169,0.1873494739510711,0.03951557806851569,1.0,1.0,non_monotonic,identity,
fold_3,close_t_minus_1,sklearn_logistic_regression_l2_lbfgs,3,fixed,0.03,diagnostic_only,platt_logistic_calibration,validation_time_ordered_calibration_then_evaluation,366,366,366,23,343,0.06284153005464481,0.062153355647505654,0.32972759163238413,0.057323969271174904,0.057323969271174904,399.7470475478347,-2.142787102803166,0.8126505260489288,0.5190950628199552,4.337618403247632,13.136466380927066,insufficient_non_empty_bins,fitted,
fold_3,close_t_minus_1,sklearn_logistic_regression_l2_lbfgs,3,fixed,0.03,diagnostic_only,isotonic_calibration,validation_time_ordered_calibration_then_evaluation,366,366,366,23,343,0.06284153005464481,0.06245808938477301,0.9792121226826056,0.05758400791389296,0.05758400791389296,-92.57245963085383,0.5495432861877156,0.2802636582583344,0.042709533907470655,1.4959404600811907,1.0808277645190207,insufficient_non_empty_bins,fitted,
fold_3,close_t_minus_1,sklearn_logistic_regression_l2_lbfgs,3,fixed,0.05,diagnostic_only,identity_uncalibrated_reference,validation_time_ordered_calibration_then_evaluation,366,366,366,3,363,0.00819672131147541,0.2076513889138128,0.6081346892989586,0.42103928502329346,0.8381583671274283,-0.11575777782098914,0.05686599750448858,0.004591368227731864,0.00549458889306345,1.0,1.0,non_monotonic,identity,
fold_3,close_t_minus_1,sklearn_logistic_regression_l2_lbfgs,3,fixed,0.05,diagnostic_only,platt_logistic_calibration,validation_time_ordered_calibration_then_evaluation,366,0,0,0,0,,,,,,,,,,,,no_scored_rows,skipped,insufficient_positive_calibration_events
fold_3,close_t_minus_1,sklearn_logistic_regression_l2_lbfgs,3,fixed,0.05,diagnostic_only,isotonic_calibration,validation_time_ordered_calibration_then_evaluation,366,0,0,0,0,,,,,,,,,,,,no_scored_rows,skipped,insufficient_positive_calibration_events
fold_3,close_t_minus_1,sklearn_logistic_regression_l2_lbfgs,5,fixed,0.03,eligible,identity_uncalibrated_reference,validation_time_ordered_calibration_then_evaluation,366,366,366,23,343,0.06284153005464481,0.3803467622416015,0.994316894777453,0.5428069916573682,0.9267308455475218,-0.41951602775616564,0.3025466400636698,0.1960958296362023,0.04093321945914967,1.0,1.0,non_monotonic,identity,
fold_3,close_t_minus_1,sklearn_logistic_regression_l2_lbfgs,5,fixed,0.03,eligible,platt_logistic_calibration,validation_time_ordered_calibration_then_evaluation,366,366,366,23,343,0.06284153005464481,0.06059778477806444,0.262233164113296,0.04756990236347347,0.04756990236347347,25.73069362253429,-0.33010804318429554,0.8039041703637977,0.423563314996788,4.099547511312217,10.347666775135869,insufficient_non_empty_bins,fitted,
fold_3,close_t_minus_1,sklearn_logistic_regression_l2_lbfgs,5,fixed,0.03,eligible,isotonic_calibration,validation_time_ordered_calibration_then_evaluation,366,366,366,23,343,0.06284153005464481,0.0610457267021258,0.2736950392553744,0.04640317389026125,0.04640317389026125,,,0.5,0.0702656135179642,2.5497737556561084,1.716591424920474,insufficient_non_empty_bins,fitted,
fold_3,close_t_minus_1,sklearn_logistic_regression_l2_lbfgs,5,fixed,0.05,eligible,identity_uncalibrated_reference,validation_time_ordered_calibration_then_evaluation,366,366,366,3,363,0.00819672131147541,0.4910160303355017,1.3027007436569888,0.6650644708581158,0.9232523842434781,-0.09615988502909345,0.07293744014505364,0.018365472910927456,0.005571117579348933,1.0,1.0,non_monotonic,identity,
fold_3,close_t_minus_1,sklearn_logistic_regression_l2_lbfgs,5,fixed,0.05,eligible,platt_logistic_calibration,validation_time_ordered_calibration_then_evaluation,366,0,0,0,0,,,,,,,,,,,,no_scored_rows,skipped,insufficient_positive_calibration_events
fold_3,close_t_minus_1,sklearn_logistic_regression_l2_lbfgs,5,fixed,0.05,eligible,isotonic_calibration,validation_time_ordered_calibration_then_evaluation,366,0,0,0,0,,,,,,,,,,,,no_scored_rows,skipped,insufficient_positive_calibration_events
fold_3,close_t_minus_1,sklearn_logistic_regression_l2_lbfgs,5,fixed,0.08,eligible,identity_uncalibrated_reference,validation_time_ordered_calibration_then_evaluation,366,366,366,0,366,0.0,0.4989704395997935,1.3236236685584266,0.6833311299862708,0.9246368027013652,-0.0,0.0,,,,,pass,identity,
fold_3,close_t_minus_1,sklearn_logistic_regression_l2_lbfgs,5,fixed,0.08,eligible,platt_logistic_calibration,validation_time_ordered_calibration_then_evaluation,366,0,0,0,0,,,,,,,,,,,,no_scored_rows,skipped,insufficient_positive_calibration_events
fold_3,close_t_minus_1,sklearn_logistic_regression_l2_lbfgs,5,fixed,0.08,eligible,isotonic_calibration,validation_time_ordered_calibration_then_evaluation,366,0,0,0,0,,,,,,,,,,,,no_scored_rows,skipped,insufficient_positive_calibration_events
fold_3,close_t_minus_1,sklearn_logistic_regression_l2_lbfgs,10,fixed,0.03,eligible,identity_uncalibrated_reference,validation_time_ordered_calibration_then_evaluation,366,366,366,141,225,0.38524590163934425,0.37350254330465427,1.8320971675106186,0.3686309964072726,0.373913134989652,-1.1561062331058924,0.4096158542315554,0.47300236406619384,0.36179897515868154,1.0,1.0,non_monotonic,identity,
fold_3,close_t_minus_1,sklearn_logistic_regression_l2_lbfgs,10,fixed,0.03,eligible,platt_logistic_calibration,validation_time_ordered_calibration_then_evaluation,366,366,366,141,225,0.38524590163934425,0.3709149896856198,1.5372365747975487,0.3661758436159008,0.3661758436159008,2602.784848325059,-49.250012178458995,0.5269976359338061,0.38997364646172045,1.1141543382646941,1.0778738283895961,insufficient_non_empty_bins,fitted,
fold_3,close_t_minus_1,sklearn_logistic_regression_l2_lbfgs,10,fixed,0.03,eligible,isotonic_calibration,validation_time_ordered_calibration_then_evaluation,366,366,366,141,225,0.38524590163934425,0.3686653717169425,1.6880637046827043,0.36212411214643775,0.36212411214643775,-1.8958600017627842,0.4290815775081245,0.4737431048069346,0.32421006781242784,1.0015660402505664,0.8961055449928581,insufficient_non_empty_bins,fitted,
fold_3,close_t_minus_1,sklearn_logistic_regression_l2_lbfgs,10,fixed,0.05,eligible,identity_uncalibrated_reference,validation_time_ordered_calibration_then_evaluation,366,366,366,54,312,0.14754098360655737,0.14710641495678967,1.0043931208514578,0.14281272205959594,0.20792058244314746,-1.6638745356366735,0.16189122408715992,0.42788461538461536,0.12148503141287337,1.0,1.0,non_monotonic,identity,
fold_3,close_t_minus_1,sklearn_logistic_regression_l2_lbfgs,10,fixed,0.05,eligible,platt_logistic_calibration,validation_time_ordered_calibration_then_evaluation,366,0,0,0,0,,,,,,,,,,,,no_scored_rows,skipped,insufficient_positive_calibration_events
fold_3,close_t_minus_1,sklearn_logistic_regression_l2_lbfgs,10,fixed,0.05,eligible,isotonic_calibration,validation_time_ordered_calibration_then_evaluation,366,0,0,0,0,,,,,,,,,,,,no_scored_rows,skipped,insufficient_positive_calibration_events
fold_3,close_t_minus_1,sklearn_logistic_regression_l2_lbfgs,10,fixed,0.08,eligible,identity_uncalibrated_reference,validation_time_ordered_calibration_then_evaluation,366,366,366,12,354,0.03278688524590164,0.03291848192374924,0.2160475387223942,0.026778046650013067,0.14361805825990787,-0.2224504275272676,0.03482186868094862,0.4663370998116761,0.03466508376144858,1.0,1.0,non_monotonic,identity,
fold_3,close_t_minus_1,sklearn_logistic_regression_l2_lbfgs,10,fixed,0.08,eligible,platt_logistic_calibration,validation_time_ordered_calibration_then_evaluation,366,0,0,0,0,,,,,,,,,,,,no_scored_rows,skipped,insufficient_positive_calibration_events
fold_3,close_t_minus_1,sklearn_logistic_regression_l2_lbfgs,10,fixed,0.08,eligible,isotonic_calibration,validation_time_ordered_calibration_then_evaluation,366,0,0,0,0,,,,,,,,,,,,no_scored_rows,skipped,insufficient_positive_calibration_events
fold_3,close_t_minus_1,sklearn_logistic_regression_l2_lbfgs,10,fixed,0.1,eligible,identity_uncalibrated_reference,validation_time_ordered_calibration_then_evaluation,366,366,366,1,365,0.00273224043715847,0.003197114733301627,0.020933407864320703,0.006728146981988352,0.14535037604776355,0.041127605374345844,0.002343157356695373,0.873972602739726,0.02127659574468085,1.0,1.0,non_monotonic,identity,
fold_3,close_t_minus_1,sklearn_logistic_regression_l2_lbfgs,10,fixed,0.1,eligible,platt_logistic_calibration,validation_time_ordered_calibration_then_evaluation,366,0,0,0,0,,,,,,,,,,,,no_scored_rows,skipped,insufficient_positive_calibration_events
fold_3,close_t_minus_1,sklearn_logistic_regression_l2_lbfgs,10,fixed,0.1,eligible,isotonic_calibration,validation_time_ordered_calibration_then_evaluation,366,0,0,0,0,,,,,,,,,,,,no_scored_rows,skipped,insufficient_positive_calibration_events
fold_3,close_t,sklearn_logistic_regression_l2_lbfgs,1,fixed,0.03,diagnostic_only,identity_uncalibrated_reference,validation_time_ordered_calibration_then_evaluation,366,366,366,11,355,0.030054644808743168,0.19545047166860555,0.584021095444074,0.3669679497687657,0.7429205121883296,-0.2330154086459947,0.12102443331532048,0.1787451984635083,0.019535562406378885,1.0,1.0,non_monotonic,identity,
fold_3,close_t,sklearn_logistic_regression_l2_lbfgs,1,fixed,0.03,diagnostic_only,platt_logistic_calibration,validation_time_ordered_calibration_then_evaluation,366,366,366,11,355,0.030054644808743168,0.02973881053074399,0.16036375451547133,0.024666562271173698,0.0246665622711737,136.78285665920458,-0.7069426765955845,0.8212548015364917,0.28149363983857767,4.5945558739255015,14.409292856941883,insufficient_non_empty_bins,fitted,
fold_3,close_t,sklearn_logistic_regression_l2_lbfgs,1,fixed,0.03,diagnostic_only,isotonic_calibration,validation_time_ordered_calibration_then_evaluation,366,366,366,11,355,0.030054644808743168,0.029838360973186564,0.4015697834906988,0.024621036707727455,0.024621036707727455,-33.90584415584419,0.21428571428571397,0.3791293213828425,0.01811531832084625,2.121060171919771,0.9272995547305622,insufficient_non_empty_bins,fitted,
fold_3,close_t,sklearn_logistic_regression_l2_lbfgs,3,fixed,0.03,diagnostic_only,identity_uncalibrated_reference,validation_time_ordered_calibration_then_evaluation,366,366,366,23,343,0.06284153005464481,0.13628795973190183,0.472329238617375,0.2578009865731016,0.7407846149041438,-0.3761045319688616,0.1585616074017823,0.17505387248066928,0.03802821081480187,1.0,1.0,non_monotonic,identity,
fold_3,close_t,sklearn_logistic_regression_l2_lbfgs,3,fixed,0.03,diagnostic_only,platt_logistic_calibration,validation_time_ordered_calibration_then_evaluation,366,366,366,23,343,0.06284153005464481,0.06217530671441576,0.331663330788706,0.05739520849880775,0.05739520849880775,591.1686181783671,-3.156852858264604,0.8249461275193307,0.5533270801385701,4.712527154236061,14.550436854189218,insufficient_non_empty_bins,fitted,
fold_3,close_t,sklearn_logistic_regression_l2_lbfgs,3,fixed,0.03,diagnostic_only,isotonic_calibration,validation_time_ordered_calibration_then_evaluation,366,366,366,23,343,0.06284153005464481,0.06269378627109405,1.7721480473809192,0.05802330593272985,0.05802330593272984,-28.121206642015135,0.1983358062345576,0.2254404867537077,0.03988525074184883,1.2878349022447502,1.0488332184780078,insufficient_non_empty_bins,fitted,
fold_3,close_t,sklearn_logistic_regression_l2_lbfgs,3,fixed,0.05,diagnostic_only,identity_uncalibrated_reference,validation_time_ordered_calibration_then_evaluation,366,366,366,3,363,0.00819672131147541,0.3400169934797897,0.9300737354854473,0.517918019236698,0.9210805364121346,-0.05988264067862219,0.039212213704502515,0.004591368227731864,0.00549458889306345,1.0,1.0,non_monotonic,identity,
fold_3,close_t,sklearn_logistic_regression_l2_lbfgs,3,fixed,0.05,diagnostic_only,platt_logistic_calibration,validation_time_ordered_calibration_then_evaluation,366,0,0,0,0,,,,,,,,,,,,no_scored_rows,skipped,insufficient_positive_calibration_events
fold_3,close_t,sklearn_logistic_regression_l2_lbfgs,3,fixed,0.05,diagnostic_only,isotonic_calibration,validation_time_ordered_calibration_then_evaluation,366,0,0,0,0,,,,,,,,,,,,no_scored_rows,skipped,insufficient_positive_calibration_events
fold_3,close_t,sklearn_logistic_regression_l2_lbfgs,5,fixed,0.03,eligible,identity_uncalibrated_reference,validation_time_ordered_calibration_then_evaluation,366,366,366,23,343,0.06284153005464481,0.2727902198494637,0.7740438392441641,0.41868785224495225,0.9074297695055513,-0.337097378158076,0.2076450548592351,0.14526555964000507,0.03645733744939051,1.0,1.0,non_monotonic,identity,
fold_3,close_t,sklearn_logistic_regression_l2_lbfgs,5,fixed,0.03,eligible,platt_logistic_calibration,validation_time_ordered_calibration_then_evaluation,366,366,366,23,343,0.06284153005464481,0.06053108925388999,0.26000464400406126,0.04693473467096362,0.04693473467096362,22.69628455121372,-0.2981836242713164,0.8547344403599949,0.5612195443055304,5.883944153577661,15.393870852050192,insufficient_non_empty_bins,fitted,
fold_3,close_t,sklearn_logistic_regression_l2_lbfgs,5,fixed,0.03,eligible,isotonic_calibration,validation_time_ordered_calibration_then_evaluation,366,366,366,23,343,0.06284153005464481,0.06157202778260104,0.772304434337755,0.04653865893789813,0.04653865893789813,-57.484259259259346,0.9999999999999991,0.3695652173913043,0.063593466508634,2.544066317626527,1.7443255859513445,insufficient_non_empty_bins,fitted,
fold_3,close_t,sklearn_logistic_regression_l2_lbfgs,5,fixed,0.05,eligible,identity_uncalibrated_reference,validation_time_ordered_calibration_then_evaluation,366,366,366,3,363,0.00819672131147541,0.5031015432252716,1.3940065424792762,0.6646428183214036,0.9317516396290301,-0.08217357597954073,0.06312326628414944,0.012855831037649219,0.005532811415164356,1.0,1.0,non_monotonic,identity,
fold_3,close_t,sklearn_logistic_regression_l2_lbfgs,5,fixed,0.05,eligible,platt_logistic_calibration,validation_time_ordered_calibration_then_evaluation,366,0,0,0,0,,,,,,,,,,,,no_scored_rows,skipped,insufficient_positive_calibration_events
fold_3,close_t,sklearn_logistic_regression_l2_lbfgs,5,fixed,0.05,eligible,isotonic_calibration,validation_time_ordered_calibration_then_evaluation,366,0,0,0,0,,,,,,,,,,,,no_scored_rows,skipped,insufficient_positive_calibration_events
fold_3,close_t,sklearn_logistic_regression_l2_lbfgs,5,fixed,0.08,eligible,identity_uncalibrated_reference,validation_time_ordered_calibration_then_evaluation,366,366,366,0,366,0.0,0.5170468609983848,1.409481972080597,0.6899140371607498,0.9292343365045751,-0.0,0.0,,,,,pass,identity,
fold_3,close_t,sklearn_logistic_regression_l2_lbfgs,5,fixed,0.08,eligible,platt_logistic_calibration,validation_time_ordered_calibration_then_evaluation,366,0,0,0,0,,,,,,,,,,,,no_scored_rows,skipped,insufficient_positive_calibration_events
fold_3,close_t,sklearn_logistic_regression_l2_lbfgs,5,fixed,0.08,eligible,isotonic_calibration,validation_time_ordered_calibration_then_evaluation,366,0,0,0,0,,,,,,,,,,,,no_scored_rows,skipped,insufficient_positive_calibration_events
fold_3,close_t,sklearn_logistic_regression_l2_lbfgs,10,fixed,0.03,eligible,identity_uncalibrated_reference,validation_time_ordered_calibration_then_evaluation,366,366,366,141,225,0.38524590163934425,0.2618141555188905,0.809934404991287,0.1687089209790589,0.6611162998731352,0.4253757185310201,0.2817018356335552,0.5881166272655635,0.4801978194722947,1.0,1.0,non_monotonic,identity,
fold_3,close_t,sklearn_logistic_regression_l2_lbfgs,10,fixed,0.03,eligible,platt_logistic_calibration,validation_time_ordered_calibration_then_evaluation,366,366,366,141,225,0.38524590163934425,0.37101045755486217,1.5398569868727747,0.36623718264364297,0.36623718264364297,-240.63903155363678,4.959485631840115,0.41188337273443654,0.3781233922672967,0.7003430164004716,0.7874325474506091,insufficient_non_empty_bins,fitted,
fold_3,close_t,sklearn_logistic_regression_l2_lbfgs,10,fixed,0.03,eligible,isotonic_calibration,validation_time_ordered_calibration_then_evaluation,366,366,366,141,225,0.38524590163934425,0.3702398448998984,1.7299680264991872,0.3644432466631609,0.3681261093971448,0.009491116136444246,0.3850484612250188,0.497698975571316,0.2927101124526888,0.846258977382356,0.6095615194053935,pass,fitted,
fold_3,close_t,sklearn_logistic_regression_l2_lbfgs,10,fixed,0.05,eligible,identity_uncalibrated_reference,validation_time_ordered_calibration_then_evaluation,366,366,366,54,312,0.14754098360655737,0.134448801131774,0.4487969101920109,0.08029040838169087,0.5374526254778621,0.06555774772169995,0.1359490387653013,0.5155508072174739,0.16748164973414037,1.0,1.0,non_monotonic,identity,
fold_3,close_t,sklearn_logistic_regression_l2_lbfgs,10,fixed,0.05,eligible,platt_logistic_calibration,validation_time_ordered_calibration_then_evaluation,366,0,0,0,0,,,,,,,,,,,,no_scored_rows,skipped,insufficient_positive_calibration_events
fold_3,close_t,sklearn_logistic_regression_l2_lbfgs,10,fixed,0.05,eligible,isotonic_calibration,validation_time_ordered_calibration_then_evaluation,366,0,0,0,0,,,,,,,,,,,,no_scored_rows,skipped,insufficient_positive_calibration_events
fold_3,close_t,sklearn_logistic_regression_l2_lbfgs,10,fixed,0.08,eligible,identity_uncalibrated_reference,validation_time_ordered_calibration_then_evaluation,366,366,366,12,354,0.03278688524590164,0.08563317834361588,0.32955080494799754,0.2103659909158048,0.5395556197853644,-0.06445495418680144,0.0484592927392934,0.4712806026365348,0.03368904518115907,1.0,1.0,non_monotonic,identity,
fold_3,close_t,sklearn_logistic_regression_l2_lbfgs,10,fixed,0.08,eligible,platt_logistic_calibration,validation_time_ordered_calibration_then_evaluation,366,0,0,0,0,,,,,,,,,,,,no_scored_rows,skipped,insufficient_positive_calibration_events
fold_3,close_t,sklearn_logistic_regression_l2_lbfgs,10,fixed,0.08,eligible,isotonic_calibration,validation_time_ordered_calibration_then_evaluation,366,0,0,0,0,,,,,,,,,,,,no_scored_rows,skipped,insufficient_positive_calibration_events
fold_3,close_t,sklearn_logistic_regression_l2_lbfgs,10,fixed,0.1,eligible,identity_uncalibrated_reference,validation_time_ordered_calibration_then_evaluation,366,366,366,1,365,0.00273224043715847,0.05980804861408631,0.2678741163401495,0.2255123248308826,0.5249563032509178,0.0031311091093082447,0.0020175817996976055,0.5863013698630137,0.006578947368421052,1.0,1.0,non_monotonic,identity,
fold_3,close_t,sklearn_logistic_regression_l2_lbfgs,10,fixed,0.1,eligible,platt_logistic_calibration,validation_time_ordered_calibration_then_evaluation,366,0,0,0,0,,,,,,,,,,,,no_scored_rows,skipped,insufficient_positive_calibration_events
fold_3,close_t,sklearn_logistic_regression_l2_lbfgs,10,fixed,0.1,eligible,isotonic_calibration,validation_time_ordered_calibration_then_evaluation,366,0,0,0,0,,,,,,,,,,,,no_scored_rows,skipped,insufficient_positive_calibration_events
