fold_id,asof_mode,model_variant,horizon,threshold_type,threshold_value,target_usage,calibration_method,cluster_type,metric_name,cluster_count,min_cluster_size,max_cluster_size,clustered_metric_mean,clustered_metric_std,bootstrap_or_cluster_se_rows,confidence_interval_low,confidence_interval_high,uncertainty_status
fold_1,close_t_minus_1,sklearn_logistic_regression_l2_lbfgs,1,fixed,0.03,diagnostic_only,identity_uncalibrated_reference,entity_id,brier_loss,122,3,3,0.07166929600891402,0.10097919676087481,0.009142226913520072,0.053750531258414676,0.08958806075941336,pass
fold_1,close_t_minus_1,sklearn_logistic_regression_l2_lbfgs,1,fixed,0.03,diagnostic_only,identity_uncalibrated_reference,trade_date,brier_loss,3,122,122,0.071669296008914,0.015425458530945272,0.008905892635214662,0.05421374644389326,0.08912484557393474,pass
fold_1,close_t_minus_1,sklearn_logistic_regression_l2_lbfgs,1,fixed,0.03,diagnostic_only,identity_uncalibrated_reference,fold_id,brier_loss,1,366,366,0.071669296008914,,,,,insufficient_clusters
fold_1,close_t_minus_1,sklearn_logistic_regression_l2_lbfgs,1,fixed,0.03,diagnostic_only,identity_uncalibrated_reference,slice_key,brier_loss,1,366,366,0.071669296008914,,,,,insufficient_clusters
fold_1,close_t_minus_1,sklearn_logistic_regression_l2_lbfgs,3,fixed,0.03,diagnostic_only,identity_uncalibrated_reference,entity_id,brier_loss,122,3,3,0.25,0.0,0.0,0.25,0.25,pass
fold_1,close_t_minus_1,sklearn_logistic_regression_l2_lbfgs,3,fixed,0.03,diagnostic_only,identity_uncalibrated_reference,trade_date,brier_loss,3,122,122,0.25,0.0,0.0,0.25,0.25,pass
fold_1,close_t_minus_1,sklearn_logistic_regression_l2_lbfgs,3,fixed,0.03,diagnostic_only,identity_uncalibrated_reference,fold_id,brier_loss,1,366,366,0.25,,,,,insufficient_clusters
fold_1,close_t_minus_1,sklearn_logistic_regression_l2_lbfgs,3,fixed,0.03,diagnostic_only,identity_uncalibrated_reference,slice_key,brier_loss,1,366,366,0.25,,,,,insufficient_clusters
fold_1,close_t_minus_1,sklearn_logistic_regression_l2_lbfgs,3,fixed,0.05,diagnostic_only,identity_uncalibrated_reference,entity_id,brier_loss,122,3,3,0.25,0.0,0.0,0.25,0.25,pass
fold_1,close_t_minus_1,sklearn_logistic_regression_l2_lbfgs,3,fixed,0.05,diagnostic_only,identity_uncalibrated_reference,trade_date,brier_loss,3,122,122,0.25,0.0,0.0,0.25,0.25,pass
fold_1,close_t_minus_1,sklearn_logistic_regression_l2_lbfgs,3,fixed,0.05,diagnostic_only,identity_uncalibrated_reference,fold_id,brier_loss,1,366,366,0.25,,,,,insufficient_clusters
fold_1,close_t_minus_1,sklearn_logistic_regression_l2_lbfgs,3,fixed,0.05,diagnostic_only,identity_uncalibrated_reference,slice_key,brier_loss,1,366,366,0.25,,,,,insufficient_clusters
fold_1,close_t_minus_1,sklearn_logistic_regression_l2_lbfgs,5,fixed,0.03,eligible,identity_uncalibrated_reference,entity_id,brier_loss,122,3,3,0.25,0.0,0.0,0.25,0.25,pass
fold_1,close_t_minus_1,sklearn_logistic_regression_l2_lbfgs,5,fixed,0.03,eligible,identity_uncalibrated_reference,trade_date,brier_loss,3,122,122,0.25,0.0,0.0,0.25,0.25,pass
fold_1,close_t_minus_1,sklearn_logistic_regression_l2_lbfgs,5,fixed,0.03,eligible,identity_uncalibrated_reference,fold_id,brier_loss,1,366,366,0.25,,,,,insufficient_clusters
fold_1,close_t_minus_1,sklearn_logistic_regression_l2_lbfgs,5,fixed,0.03,eligible,identity_uncalibrated_reference,slice_key,brier_loss,1,366,366,0.25,,,,,insufficient_clusters
fold_1,close_t_minus_1,sklearn_logistic_regression_l2_lbfgs,5,fixed,0.05,eligible,identity_uncalibrated_reference,entity_id,brier_loss,122,3,3,0.25,0.0,0.0,0.25,0.25,pass
fold_1,close_t_minus_1,sklearn_logistic_regression_l2_lbfgs,5,fixed,0.05,eligible,identity_uncalibrated_reference,trade_date,brier_loss,3,122,122,0.25,0.0,0.0,0.25,0.25,pass
fold_1,close_t_minus_1,sklearn_logistic_regression_l2_lbfgs,5,fixed,0.05,eligible,identity_uncalibrated_reference,fold_id,brier_loss,1,366,366,0.25,,,,,insufficient_clusters
fold_1,close_t_minus_1,sklearn_logistic_regression_l2_lbfgs,5,fixed,0.05,eligible,identity_uncalibrated_reference,slice_key,brier_loss,1,366,366,0.25,,,,,insufficient_clusters
fold_1,close_t_minus_1,sklearn_logistic_regression_l2_lbfgs,5,fixed,0.08,eligible,identity_uncalibrated_reference,entity_id,brier_loss,122,3,3,0.25,0.0,0.0,0.25,0.25,pass
fold_1,close_t_minus_1,sklearn_logistic_regression_l2_lbfgs,5,fixed,0.08,eligible,identity_uncalibrated_reference,trade_date,brier_loss,3,122,122,0.25,0.0,0.0,0.25,0.25,pass
fold_1,close_t_minus_1,sklearn_logistic_regression_l2_lbfgs,5,fixed,0.08,eligible,identity_uncalibrated_reference,fold_id,brier_loss,1,366,366,0.25,,,,,insufficient_clusters
fold_1,close_t_minus_1,sklearn_logistic_regression_l2_lbfgs,5,fixed,0.08,eligible,identity_uncalibrated_reference,slice_key,brier_loss,1,366,366,0.25,,,,,insufficient_clusters
fold_1,close_t,sklearn_logistic_regression_l2_lbfgs,1,fixed,0.03,diagnostic_only,identity_uncalibrated_reference,entity_id,brier_loss,122,3,3,0.027777599758690406,0.06911068057569465,0.006256987025426709,0.015513905188854057,0.04004129432852675,pass
fold_1,close_t,sklearn_logistic_regression_l2_lbfgs,1,fixed,0.03,diagnostic_only,identity_uncalibrated_reference,trade_date,brier_loss,3,122,122,0.027777599758690402,0.008423679282498474,0.004863413501317568,0.01824530929610797,0.03730989022127283,pass
fold_1,close_t,sklearn_logistic_regression_l2_lbfgs,1,fixed,0.03,diagnostic_only,identity_uncalibrated_reference,fold_id,brier_loss,1,366,366,0.027777599758690406,,,,,insufficient_clusters
fold_1,close_t,sklearn_logistic_regression_l2_lbfgs,1,fixed,0.03,diagnostic_only,identity_uncalibrated_reference,slice_key,brier_loss,1,366,366,0.027777599758690406,,,,,insufficient_clusters
fold_1,close_t,sklearn_logistic_regression_l2_lbfgs,3,fixed,0.03,diagnostic_only,identity_uncalibrated_reference,entity_id,brier_loss,122,3,3,0.25,0.0,0.0,0.25,0.25,pass
fold_1,close_t,sklearn_logistic_regression_l2_lbfgs,3,fixed,0.03,diagnostic_only,identity_uncalibrated_reference,trade_date,brier_loss,3,122,122,0.25,0.0,0.0,0.25,0.25,pass
fold_1,close_t,sklearn_logistic_regression_l2_lbfgs,3,fixed,0.03,diagnostic_only,identity_uncalibrated_reference,fold_id,brier_loss,1,366,366,0.25,,,,,insufficient_clusters
fold_1,close_t,sklearn_logistic_regression_l2_lbfgs,3,fixed,0.03,diagnostic_only,identity_uncalibrated_reference,slice_key,brier_loss,1,366,366,0.25,,,,,insufficient_clusters
fold_1,close_t,sklearn_logistic_regression_l2_lbfgs,3,fixed,0.05,diagnostic_only,identity_uncalibrated_reference,entity_id,brier_loss,122,3,3,0.25,0.0,0.0,0.25,0.25,pass
fold_1,close_t,sklearn_logistic_regression_l2_lbfgs,3,fixed,0.05,diagnostic_only,identity_uncalibrated_reference,trade_date,brier_loss,3,122,122,0.25,0.0,0.0,0.25,0.25,pass
fold_1,close_t,sklearn_logistic_regression_l2_lbfgs,3,fixed,0.05,diagnostic_only,identity_uncalibrated_reference,fold_id,brier_loss,1,366,366,0.25,,,,,insufficient_clusters
fold_1,close_t,sklearn_logistic_regression_l2_lbfgs,3,fixed,0.05,diagnostic_only,identity_uncalibrated_reference,slice_key,brier_loss,1,366,366,0.25,,,,,insufficient_clusters
fold_1,close_t,sklearn_logistic_regression_l2_lbfgs,5,fixed,0.03,eligible,identity_uncalibrated_reference,entity_id,brier_loss,122,3,3,0.25,0.0,0.0,0.25,0.25,pass
fold_1,close_t,sklearn_logistic_regression_l2_lbfgs,5,fixed,0.03,eligible,identity_uncalibrated_reference,trade_date,brier_loss,3,122,122,0.25,0.0,0.0,0.25,0.25,pass
fold_1,close_t,sklearn_logistic_regression_l2_lbfgs,5,fixed,0.03,eligible,identity_uncalibrated_reference,fold_id,brier_loss,1,366,366,0.25,,,,,insufficient_clusters
fold_1,close_t,sklearn_logistic_regression_l2_lbfgs,5,fixed,0.03,eligible,identity_uncalibrated_reference,slice_key,brier_loss,1,366,366,0.25,,,,,insufficient_clusters
fold_1,close_t,sklearn_logistic_regression_l2_lbfgs,5,fixed,0.05,eligible,identity_uncalibrated_reference,entity_id,brier_loss,122,3,3,0.25,0.0,0.0,0.25,0.25,pass
fold_1,close_t,sklearn_logistic_regression_l2_lbfgs,5,fixed,0.05,eligible,identity_uncalibrated_reference,trade_date,brier_loss,3,122,122,0.25,0.0,0.0,0.25,0.25,pass
fold_1,close_t,sklearn_logistic_regression_l2_lbfgs,5,fixed,0.05,eligible,identity_uncalibrated_reference,fold_id,brier_loss,1,366,366,0.25,,,,,insufficient_clusters
fold_1,close_t,sklearn_logistic_regression_l2_lbfgs,5,fixed,0.05,eligible,identity_uncalibrated_reference,slice_key,brier_loss,1,366,366,0.25,,,,,insufficient_clusters
fold_1,close_t,sklearn_logistic_regression_l2_lbfgs,5,fixed,0.08,eligible,identity_uncalibrated_reference,entity_id,brier_loss,122,3,3,0.25,0.0,0.0,0.25,0.25,pass
fold_1,close_t,sklearn_logistic_regression_l2_lbfgs,5,fixed,0.08,eligible,identity_uncalibrated_reference,trade_date,brier_loss,3,122,122,0.25,0.0,0.0,0.25,0.25,pass
fold_1,close_t,sklearn_logistic_regression_l2_lbfgs,5,fixed,0.08,eligible,identity_uncalibrated_reference,fold_id,brier_loss,1,366,366,0.25,,,,,insufficient_clusters
fold_1,close_t,sklearn_logistic_regression_l2_lbfgs,5,fixed,0.08,eligible,identity_uncalibrated_reference,slice_key,brier_loss,1,366,366,0.25,,,,,insufficient_clusters
fold_2,close_t_minus_1,sklearn_logistic_regression_l2_lbfgs,1,fixed,0.03,diagnostic_only,identity_uncalibrated_reference,entity_id,brier_loss,122,3,3,0.16915102668020726,0.09532640838403157,0.008630447500602092,0.15223534957902715,0.18606670378138737,pass
fold_2,close_t_minus_1,sklearn_logistic_regression_l2_lbfgs,1,fixed,0.03,diagnostic_only,identity_uncalibrated_reference,trade_date,brier_loss,3,122,122,0.1691510266802073,0.005047127153652705,0.0029139602207956593,0.1634396646474478,0.17486238871296678,pass
fold_2,close_t_minus_1,sklearn_logistic_regression_l2_lbfgs,1,fixed,0.03,diagnostic_only,identity_uncalibrated_reference,fold_id,brier_loss,1,366,366,0.1691510266802073,,,,,insufficient_clusters
fold_2,close_t_minus_1,sklearn_logistic_regression_l2_lbfgs,1,fixed,0.03,diagnostic_only,identity_uncalibrated_reference,slice_key,brier_loss,1,366,366,0.1691510266802073,,,,,insufficient_clusters
fold_2,close_t_minus_1,sklearn_logistic_regression_l2_lbfgs,3,fixed,0.03,diagnostic_only,identity_uncalibrated_reference,entity_id,brier_loss,122,3,3,0.2386522560345719,0.05766334266700029,0.005220593747662261,0.22841989228915388,0.24888461977998994,pass
fold_2,close_t_minus_1,sklearn_logistic_regression_l2_lbfgs,3,fixed,0.03,diagnostic_only,identity_uncalibrated_reference,trade_date,brier_loss,3,122,122,0.23865225603457194,0.012954132233032638,0.007479071731859402,0.2239932754401275,0.2533112366290164,pass
fold_2,close_t_minus_1,sklearn_logistic_regression_l2_lbfgs,3,fixed,0.03,diagnostic_only,identity_uncalibrated_reference,fold_id,brier_loss,1,366,366,0.23865225603457188,,,,,insufficient_clusters
fold_2,close_t_minus_1,sklearn_logistic_regression_l2_lbfgs,3,fixed,0.03,diagnostic_only,identity_uncalibrated_reference,slice_key,brier_loss,1,366,366,0.23865225603457188,,,,,insufficient_clusters
fold_2,close_t_minus_1,sklearn_logistic_regression_l2_lbfgs,3,fixed,0.03,diagnostic_only,platt_logistic_calibration,entity_id,brier_loss,122,3,3,0.05381156418087815,0.1756156836022091,0.01589949693169289,0.02264855019476009,0.08497457816699622,pass
fold_2,close_t_minus_1,sklearn_logistic_regression_l2_lbfgs,3,fixed,0.03,diagnostic_only,platt_logistic_calibration,trade_date,brier_loss,3,122,122,0.05381156418087815,0.02591304787142469,0.014960905164090705,0.02448819005926037,0.08313493830249594,pass
fold_2,close_t_minus_1,sklearn_logistic_regression_l2_lbfgs,3,fixed,0.03,diagnostic_only,platt_logistic_calibration,fold_id,brier_loss,1,366,366,0.05381156418087815,,,,,insufficient_clusters
fold_2,close_t_minus_1,sklearn_logistic_regression_l2_lbfgs,3,fixed,0.03,diagnostic_only,platt_logistic_calibration,slice_key,brier_loss,1,366,366,0.05381156418087815,,,,,insufficient_clusters
fold_2,close_t_minus_1,sklearn_logistic_regression_l2_lbfgs,3,fixed,0.03,diagnostic_only,isotonic_calibration,entity_id,brier_loss,122,3,3,0.05736553626324754,0.17639739758316636,0.01597026999015072,0.026063807082552126,0.08866726544394295,pass
fold_2,close_t_minus_1,sklearn_logistic_regression_l2_lbfgs,3,fixed,0.03,diagnostic_only,isotonic_calibration,trade_date,brier_loss,3,122,122,0.05736553626324754,0.025022092742501303,0.01444651198057091,0.029050372781328555,0.08568069974516651,pass
fold_2,close_t_minus_1,sklearn_logistic_regression_l2_lbfgs,3,fixed,0.03,diagnostic_only,isotonic_calibration,fold_id,brier_loss,1,366,366,0.05736553626324754,,,,,insufficient_clusters
fold_2,close_t_minus_1,sklearn_logistic_regression_l2_lbfgs,3,fixed,0.03,diagnostic_only,isotonic_calibration,slice_key,brier_loss,1,366,366,0.05736553626324754,,,,,insufficient_clusters
fold_2,close_t_minus_1,sklearn_logistic_regression_l2_lbfgs,3,fixed,0.05,diagnostic_only,identity_uncalibrated_reference,entity_id,brier_loss,122,3,3,0.056204750511320935,0.07219891458006547,0.006536582594966296,0.043393048625186996,0.06901645239745488,pass
fold_2,close_t_minus_1,sklearn_logistic_regression_l2_lbfgs,3,fixed,0.05,diagnostic_only,identity_uncalibrated_reference,trade_date,brier_loss,3,122,122,0.05620475051132093,0.0033737128538845283,0.001947814024358733,0.05238703502357781,0.060022465999064044,pass
fold_2,close_t_minus_1,sklearn_logistic_regression_l2_lbfgs,3,fixed,0.05,diagnostic_only,identity_uncalibrated_reference,fold_id,brier_loss,1,366,366,0.05620475051132093,,,,,insufficient_clusters
fold_2,close_t_minus_1,sklearn_logistic_regression_l2_lbfgs,3,fixed,0.05,diagnostic_only,identity_uncalibrated_reference,slice_key,brier_loss,1,366,366,0.05620475051132093,,,,,insufficient_clusters
fold_2,close_t_minus_1,sklearn_logistic_regression_l2_lbfgs,5,fixed,0.03,eligible,identity_uncalibrated_reference,entity_id,brier_loss,122,3,3,0.06424157962867501,0.20593333268563127,0.01864432790971579,0.02769869692563206,0.10078446233171795,pass
fold_2,close_t_minus_1,sklearn_logistic_regression_l2_lbfgs,5,fixed,0.03,eligible,identity_uncalibrated_reference,trade_date,brier_loss,3,122,122,0.06424157962867501,0.03574918870764947,0.02063980372367215,0.023787564330277594,0.10469559492707242,pass
fold_2,close_t_minus_1,sklearn_logistic_regression_l2_lbfgs,5,fixed,0.03,eligible,identity_uncalibrated_reference,fold_id,brier_loss,1,366,366,0.06424157962867501,,,,,insufficient_clusters
fold_2,close_t_minus_1,sklearn_logistic_regression_l2_lbfgs,5,fixed,0.03,eligible,identity_uncalibrated_reference,slice_key,brier_loss,1,366,366,0.06424157962867501,,,,,insufficient_clusters
fold_2,close_t_minus_1,sklearn_logistic_regression_l2_lbfgs,5,fixed,0.03,eligible,platt_logistic_calibration,entity_id,brier_loss,122,3,3,0.05936310268112879,0.1899936150177217,0.017201213678944484,0.025648723870397606,0.09307748149185999,pass
fold_2,close_t_minus_1,sklearn_logistic_regression_l2_lbfgs,5,fixed,0.03,eligible,platt_logistic_calibration,trade_date,brier_loss,3,122,122,0.05936310268112879,0.03392530388936649,0.0195867833328656,0.02097300734871222,0.09775319801354537,pass
fold_2,close_t_minus_1,sklearn_logistic_regression_l2_lbfgs,5,fixed,0.03,eligible,platt_logistic_calibration,fold_id,brier_loss,1,366,366,0.05936310268112879,,,,,insufficient_clusters
fold_2,close_t_minus_1,sklearn_logistic_regression_l2_lbfgs,5,fixed,0.03,eligible,platt_logistic_calibration,slice_key,brier_loss,1,366,366,0.05936310268112879,,,,,insufficient_clusters
fold_2,close_t_minus_1,sklearn_logistic_regression_l2_lbfgs,5,fixed,0.03,eligible,isotonic_calibration,entity_id,brier_loss,122,3,3,0.05976946672890783,0.19217943980787355,0.017399108957039115,0.025667213173111166,0.0938717202847045,pass
fold_2,close_t_minus_1,sklearn_logistic_regression_l2_lbfgs,5,fixed,0.03,eligible,isotonic_calibration,trade_date,brier_loss,3,122,122,0.05976946672890782,0.034196753942666955,0.019743505094210162,0.02107219674425591,0.09846673671355974,pass
fold_2,close_t_minus_1,sklearn_logistic_regression_l2_lbfgs,5,fixed,0.03,eligible,isotonic_calibration,fold_id,brier_loss,1,366,366,0.05976946672890782,,,,,insufficient_clusters
fold_2,close_t_minus_1,sklearn_logistic_regression_l2_lbfgs,5,fixed,0.03,eligible,isotonic_calibration,slice_key,brier_loss,1,366,366,0.05976946672890782,,,,,insufficient_clusters
fold_2,close_t_minus_1,sklearn_logistic_regression_l2_lbfgs,5,fixed,0.05,eligible,identity_uncalibrated_reference,entity_id,brier_loss,122,3,3,0.02534085595222465,0.1293651677474145,0.011712171973927727,0.0023849988833263037,0.048296713021123,pass
fold_2,close_t_minus_1,sklearn_logistic_regression_l2_lbfgs,5,fixed,0.05,eligible,identity_uncalibrated_reference,trade_date,brier_loss,3,122,122,0.025340855952224652,0.0157029870216383,0.009066123784024074,0.007571253335537469,0.04311045856891184,pass
fold_2,close_t_minus_1,sklearn_logistic_regression_l2_lbfgs,5,fixed,0.05,eligible,identity_uncalibrated_reference,fold_id,brier_loss,1,366,366,0.02534085595222465,,,,,insufficient_clusters
fold_2,close_t_minus_1,sklearn_logistic_regression_l2_lbfgs,5,fixed,0.05,eligible,identity_uncalibrated_reference,slice_key,brier_loss,1,366,366,0.02534085595222465,,,,,insufficient_clusters
fold_2,close_t_minus_1,sklearn_logistic_regression_l2_lbfgs,5,fixed,0.05,eligible,platt_logistic_calibration,entity_id,brier_loss,122,3,3,0.02416947670289534,0.12689925497014937,0.01148891872096225,0.001651196009809331,0.046687757395981355,pass
fold_2,close_t_minus_1,sklearn_logistic_regression_l2_lbfgs,5,fixed,0.05,eligible,platt_logistic_calibration,trade_date,brier_loss,3,122,122,0.024169476702895334,0.016032132439952385,0.009256155979890242,0.006027410982310459,0.04231154242348021,pass
fold_2,close_t_minus_1,sklearn_logistic_regression_l2_lbfgs,5,fixed,0.05,eligible,platt_logistic_calibration,fold_id,brier_loss,1,366,366,0.024169476702895338,,,,,insufficient_clusters
fold_2,close_t_minus_1,sklearn_logistic_regression_l2_lbfgs,5,fixed,0.05,eligible,platt_logistic_calibration,slice_key,brier_loss,1,366,366,0.024169476702895338,,,,,insufficient_clusters
fold_2,close_t_minus_1,sklearn_logistic_regression_l2_lbfgs,5,fixed,0.05,eligible,isotonic_calibration,entity_id,brier_loss,122,3,3,0.02425701223463636,0.12745933133499793,0.011539625652494596,0.0016393459557469507,0.04687467851352577,pass
fold_2,close_t_minus_1,sklearn_logistic_regression_l2_lbfgs,5,fixed,0.05,eligible,isotonic_calibration,trade_date,brier_loss,3,122,122,0.024257012234636364,0.016067082874485446,0.0092763346226762,0.006075396374191012,0.04243862809508171,pass
fold_2,close_t_minus_1,sklearn_logistic_regression_l2_lbfgs,5,fixed,0.05,eligible,isotonic_calibration,fold_id,brier_loss,1,366,366,0.024257012234636367,,,,,insufficient_clusters
fold_2,close_t_minus_1,sklearn_logistic_regression_l2_lbfgs,5,fixed,0.05,eligible,isotonic_calibration,slice_key,brier_loss,1,366,366,0.024257012234636367,,,,,insufficient_clusters
fold_2,close_t_minus_1,sklearn_logistic_regression_l2_lbfgs,5,fixed,0.08,eligible,identity_uncalibrated_reference,entity_id,brier_loss,122,3,3,0.0006086248586132447,0.0037491953098588394,0.00033943619443718145,-5.667008248363091e-05,0.0012739197997101203,pass
fold_2,close_t_minus_1,sklearn_logistic_regression_l2_lbfgs,5,fixed,0.08,eligible,identity_uncalibrated_reference,trade_date,brier_loss,3,122,122,0.000608624858613245,0.000631745345701901,0.00036473834540028577,-0.00010626229837131516,0.001323512015597805,pass
fold_2,close_t_minus_1,sklearn_logistic_regression_l2_lbfgs,5,fixed,0.08,eligible,identity_uncalibrated_reference,fold_id,brier_loss,1,366,366,0.0006086248586132448,,,,,insufficient_clusters
fold_2,close_t_minus_1,sklearn_logistic_regression_l2_lbfgs,5,fixed,0.08,eligible,identity_uncalibrated_reference,slice_key,brier_loss,1,366,366,0.0006086248586132448,,,,,insufficient_clusters
fold_2,close_t_minus_1,sklearn_logistic_regression_l2_lbfgs,10,fixed,0.03,eligible,identity_uncalibrated_reference,entity_id,brier_loss,122,3,3,0.25,0.0,0.0,0.25,0.25,pass
fold_2,close_t_minus_1,sklearn_logistic_regression_l2_lbfgs,10,fixed,0.03,eligible,identity_uncalibrated_reference,trade_date,brier_loss,3,122,122,0.25,0.0,0.0,0.25,0.25,pass
fold_2,close_t_minus_1,sklearn_logistic_regression_l2_lbfgs,10,fixed,0.03,eligible,identity_uncalibrated_reference,fold_id,brier_loss,1,366,366,0.25,,,,,insufficient_clusters
fold_2,close_t_minus_1,sklearn_logistic_regression_l2_lbfgs,10,fixed,0.03,eligible,identity_uncalibrated_reference,slice_key,brier_loss,1,366,366,0.25,,,,,insufficient_clusters
fold_2,close_t_minus_1,sklearn_logistic_regression_l2_lbfgs,10,fixed,0.05,eligible,identity_uncalibrated_reference,entity_id,brier_loss,122,3,3,0.25,0.0,0.0,0.25,0.25,pass
fold_2,close_t_minus_1,sklearn_logistic_regression_l2_lbfgs,10,fixed,0.05,eligible,identity_uncalibrated_reference,trade_date,brier_loss,3,122,122,0.25,0.0,0.0,0.25,0.25,pass
fold_2,close_t_minus_1,sklearn_logistic_regression_l2_lbfgs,10,fixed,0.05,eligible,identity_uncalibrated_reference,fold_id,brier_loss,1,366,366,0.25,,,,,insufficient_clusters
fold_2,close_t_minus_1,sklearn_logistic_regression_l2_lbfgs,10,fixed,0.05,eligible,identity_uncalibrated_reference,slice_key,brier_loss,1,366,366,0.25,,,,,insufficient_clusters
fold_2,close_t_minus_1,sklearn_logistic_regression_l2_lbfgs,10,fixed,0.08,eligible,identity_uncalibrated_reference,entity_id,brier_loss,122,3,3,0.25,0.0,0.0,0.25,0.25,pass
fold_2,close_t_minus_1,sklearn_logistic_regression_l2_lbfgs,10,fixed,0.08,eligible,identity_uncalibrated_reference,trade_date,brier_loss,3,122,122,0.25,0.0,0.0,0.25,0.25,pass
fold_2,close_t_minus_1,sklearn_logistic_regression_l2_lbfgs,10,fixed,0.08,eligible,identity_uncalibrated_reference,fold_id,brier_loss,1,366,366,0.25,,,,,insufficient_clusters
fold_2,close_t_minus_1,sklearn_logistic_regression_l2_lbfgs,10,fixed,0.08,eligible,identity_uncalibrated_reference,slice_key,brier_loss,1,366,366,0.25,,,,,insufficient_clusters
fold_2,close_t_minus_1,sklearn_logistic_regression_l2_lbfgs,10,fixed,0.1,eligible,identity_uncalibrated_reference,entity_id,brier_loss,122,3,3,0.25,0.0,0.0,0.25,0.25,pass
fold_2,close_t_minus_1,sklearn_logistic_regression_l2_lbfgs,10,fixed,0.1,eligible,identity_uncalibrated_reference,trade_date,brier_loss,3,122,122,0.25,0.0,0.0,0.25,0.25,pass
fold_2,close_t_minus_1,sklearn_logistic_regression_l2_lbfgs,10,fixed,0.1,eligible,identity_uncalibrated_reference,fold_id,brier_loss,1,366,366,0.25,,,,,insufficient_clusters
fold_2,close_t_minus_1,sklearn_logistic_regression_l2_lbfgs,10,fixed,0.1,eligible,identity_uncalibrated_reference,slice_key,brier_loss,1,366,366,0.25,,,,,insufficient_clusters
fold_2,close_t,sklearn_logistic_regression_l2_lbfgs,1,fixed,0.03,diagnostic_only,identity_uncalibrated_reference,entity_id,brier_loss,122,3,3,0.26530104657490805,0.13962581665292018,0.012641127477468036,0.2405244367190707,0.2900776564307454,pass
fold_2,close_t,sklearn_logistic_regression_l2_lbfgs,1,fixed,0.03,diagnostic_only,identity_uncalibrated_reference,trade_date,brier_loss,3,122,122,0.265301046574908,0.029828347042512526,0.017221404194476184,0.23154709435373466,0.29905499879608133,pass
fold_2,close_t,sklearn_logistic_regression_l2_lbfgs,1,fixed,0.03,diagnostic_only,identity_uncalibrated_reference,fold_id,brier_loss,1,366,366,0.265301046574908,,,,,insufficient_clusters
fold_2,close_t,sklearn_logistic_regression_l2_lbfgs,1,fixed,0.03,diagnostic_only,identity_uncalibrated_reference,slice_key,brier_loss,1,366,366,0.265301046574908,,,,,insufficient_clusters
fold_2,close_t,sklearn_logistic_regression_l2_lbfgs,3,fixed,0.03,diagnostic_only,identity_uncalibrated_reference,entity_id,brier_loss,122,3,3,0.0712921608948485,0.1239830425511392,0.011224897253988708,0.049291362277030626,0.09329295951266636,pass
fold_2,close_t,sklearn_logistic_regression_l2_lbfgs,3,fixed,0.03,diagnostic_only,identity_uncalibrated_reference,trade_date,brier_loss,3,122,122,0.0712921608948485,0.009882343496851295,0.005705573678131443,0.06010923648571087,0.08247508530398612,pass
fold_2,close_t,sklearn_logistic_regression_l2_lbfgs,3,fixed,0.03,diagnostic_only,identity_uncalibrated_reference,fold_id,brier_loss,1,366,366,0.07129216089484848,,,,,insufficient_clusters
fold_2,close_t,sklearn_logistic_regression_l2_lbfgs,3,fixed,0.03,diagnostic_only,identity_uncalibrated_reference,slice_key,brier_loss,1,366,366,0.07129216089484848,,,,,insufficient_clusters
fold_2,close_t,sklearn_logistic_regression_l2_lbfgs,3,fixed,0.03,diagnostic_only,platt_logistic_calibration,entity_id,brier_loss,122,3,3,0.053816305463747854,0.1756371373660646,0.015901439264208967,0.02264948450589828,0.08498312642159743,pass
fold_2,close_t,sklearn_logistic_regression_l2_lbfgs,3,fixed,0.03,diagnostic_only,platt_logistic_calibration,trade_date,brier_loss,3,122,122,0.05381630546374786,0.02591808483056499,0.014963813253806253,0.024487231486287606,0.08314537944120812,pass
fold_2,close_t,sklearn_logistic_regression_l2_lbfgs,3,fixed,0.03,diagnostic_only,platt_logistic_calibration,fold_id,brier_loss,1,366,366,0.05381630546374786,,,,,insufficient_clusters
fold_2,close_t,sklearn_logistic_regression_l2_lbfgs,3,fixed,0.03,diagnostic_only,platt_logistic_calibration,slice_key,brier_loss,1,366,366,0.05381630546374786,,,,,insufficient_clusters
fold_2,close_t,sklearn_logistic_regression_l2_lbfgs,3,fixed,0.03,diagnostic_only,isotonic_calibration,entity_id,brier_loss,122,3,3,0.05395362600767557,0.1758770351289188,0.015923158587142903,0.02274423517687548,0.08516301683847566,pass
fold_2,close_t,sklearn_logistic_regression_l2_lbfgs,3,fixed,0.03,diagnostic_only,isotonic_calibration,trade_date,brier_loss,3,122,122,0.053953626007675566,0.02584835413422553,0.014923554217503887,0.02470345974136795,0.08320379227398318,pass
fold_2,close_t,sklearn_logistic_regression_l2_lbfgs,3,fixed,0.03,diagnostic_only,isotonic_calibration,fold_id,brier_loss,1,366,366,0.053953626007675566,,,,,insufficient_clusters
fold_2,close_t,sklearn_logistic_regression_l2_lbfgs,3,fixed,0.03,diagnostic_only,isotonic_calibration,slice_key,brier_loss,1,366,366,0.053953626007675566,,,,,insufficient_clusters
fold_2,close_t,sklearn_logistic_regression_l2_lbfgs,3,fixed,0.05,diagnostic_only,identity_uncalibrated_reference,entity_id,brier_loss,122,3,3,0.0552665431376988,0.051374322345275676,0.004651212600958364,0.04615016643982041,0.06438291983557719,pass
fold_2,close_t,sklearn_logistic_regression_l2_lbfgs,3,fixed,0.05,diagnostic_only,identity_uncalibrated_reference,trade_date,brier_loss,3,122,122,0.0552665431376988,0.006250894486837043,0.0036089556146513143,0.04819299013298222,0.062340096142415376,pass
fold_2,close_t,sklearn_logistic_regression_l2_lbfgs,3,fixed,0.05,diagnostic_only,identity_uncalibrated_reference,fold_id,brier_loss,1,366,366,0.0552665431376988,,,,,insufficient_clusters
fold_2,close_t,sklearn_logistic_regression_l2_lbfgs,3,fixed,0.05,diagnostic_only,identity_uncalibrated_reference,slice_key,brier_loss,1,366,366,0.0552665431376988,,,,,insufficient_clusters
fold_2,close_t,sklearn_logistic_regression_l2_lbfgs,5,fixed,0.03,eligible,identity_uncalibrated_reference,entity_id,brier_loss,122,3,3,0.0628501229503822,0.2027894682561055,0.01835969579813214,0.02686511918604321,0.0988351267147212,pass
fold_2,close_t,sklearn_logistic_regression_l2_lbfgs,5,fixed,0.03,eligible,identity_uncalibrated_reference,trade_date,brier_loss,3,122,122,0.06285012295038221,0.035649194152193926,0.0205820718401624,0.02250926214366391,0.10319098375710051,pass
fold_2,close_t,sklearn_logistic_regression_l2_lbfgs,5,fixed,0.03,eligible,identity_uncalibrated_reference,fold_id,brier_loss,1,366,366,0.06285012295038221,,,,,insufficient_clusters
fold_2,close_t,sklearn_logistic_regression_l2_lbfgs,5,fixed,0.03,eligible,identity_uncalibrated_reference,slice_key,brier_loss,1,366,366,0.06285012295038221,,,,,insufficient_clusters
fold_2,close_t,sklearn_logistic_regression_l2_lbfgs,5,fixed,0.03,eligible,platt_logistic_calibration,entity_id,brier_loss,122,3,3,0.05937619022448541,0.19007032528531875,0.017208158700250508,0.025648199171994415,0.09310418127697641,pass
fold_2,close_t,sklearn_logistic_regression_l2_lbfgs,5,fixed,0.03,eligible,platt_logistic_calibration,trade_date,brier_loss,3,122,122,0.05937619022448542,0.03393508591218682,0.01959243098637414,0.02097502549119211,0.09777735495777873,pass
fold_2,close_t,sklearn_logistic_regression_l2_lbfgs,5,fixed,0.03,eligible,platt_logistic_calibration,fold_id,brier_loss,1,366,366,0.05937619022448542,,,,,insufficient_clusters
fold_2,close_t,sklearn_logistic_regression_l2_lbfgs,5,fixed,0.03,eligible,platt_logistic_calibration,slice_key,brier_loss,1,366,366,0.05937619022448542,,,,,insufficient_clusters
fold_2,close_t,sklearn_logistic_regression_l2_lbfgs,5,fixed,0.03,eligible,isotonic_calibration,entity_id,brier_loss,122,3,3,0.0607045853391609,0.1961716866653256,0.01776055000466444,0.025893907330018597,0.09551526334830321,pass
fold_2,close_t,sklearn_logistic_regression_l2_lbfgs,5,fixed,0.03,eligible,isotonic_calibration,trade_date,brier_loss,3,122,122,0.0607045853391609,0.03419100239791303,0.01974018443829823,0.02201382384009637,0.09939534683822543,pass
fold_2,close_t,sklearn_logistic_regression_l2_lbfgs,5,fixed,0.03,eligible,isotonic_calibration,fold_id,brier_loss,1,366,366,0.06070458533916091,,,,,insufficient_clusters
fold_2,close_t,sklearn_logistic_regression_l2_lbfgs,5,fixed,0.03,eligible,isotonic_calibration,slice_key,brier_loss,1,366,366,0.06070458533916091,,,,,insufficient_clusters
fold_2,close_t,sklearn_logistic_regression_l2_lbfgs,5,fixed,0.05,eligible,identity_uncalibrated_reference,entity_id,brier_loss,122,3,3,0.02602300764037902,0.12674356027592554,0.011474822785665834,0.003532354980473988,0.048513660300284055,pass
fold_2,close_t,sklearn_logistic_regression_l2_lbfgs,5,fixed,0.05,eligible,identity_uncalibrated_reference,trade_date,brier_loss,3,122,122,0.026023007640379014,0.015988884400778242,0.009231186712831126,0.007929881683230007,0.04411613359752802,pass
fold_2,close_t,sklearn_logistic_regression_l2_lbfgs,5,fixed,0.05,eligible,identity_uncalibrated_reference,fold_id,brier_loss,1,366,366,0.02602300764037902,,,,,insufficient_clusters
fold_2,close_t,sklearn_logistic_regression_l2_lbfgs,5,fixed,0.05,eligible,identity_uncalibrated_reference,slice_key,brier_loss,1,366,366,0.02602300764037902,,,,,insufficient_clusters
fold_2,close_t,sklearn_logistic_regression_l2_lbfgs,5,fixed,0.05,eligible,platt_logistic_calibration,entity_id,brier_loss,122,3,3,0.02416996002299954,0.12690423984442262,0.011489370030273506,0.0016507947636634698,0.04668912528233561,pass
fold_2,close_t,sklearn_logistic_regression_l2_lbfgs,5,fixed,0.05,eligible,platt_logistic_calibration,trade_date,brier_loss,3,122,122,0.024169960022999537,0.016032538859935504,0.0092563906265769,0.006027434394908816,0.04231248565109026,pass
fold_2,close_t,sklearn_logistic_regression_l2_lbfgs,5,fixed,0.05,eligible,platt_logistic_calibration,fold_id,brier_loss,1,366,366,0.024169960022999537,,,,,insufficient_clusters
fold_2,close_t,sklearn_logistic_regression_l2_lbfgs,5,fixed,0.05,eligible,platt_logistic_calibration,slice_key,brier_loss,1,366,366,0.024169960022999537,,,,,insufficient_clusters
fold_2,close_t,sklearn_logistic_regression_l2_lbfgs,5,fixed,0.05,eligible,isotonic_calibration,entity_id,brier_loss,122,3,3,0.024300148063799192,0.12744725003813584,0.011538531863270026,0.0016846256117899402,0.046915670515808444,pass
fold_2,close_t,sklearn_logistic_regression_l2_lbfgs,5,fixed,0.05,eligible,isotonic_calibration,trade_date,brier_loss,3,122,122,0.024300148063799192,0.01629278547354318,0.00940664407899898,0.005863125668961192,0.04273717045863719,pass
fold_2,close_t,sklearn_logistic_regression_l2_lbfgs,5,fixed,0.05,eligible,isotonic_calibration,fold_id,brier_loss,1,366,366,0.024300148063799192,,,,,insufficient_clusters
fold_2,close_t,sklearn_logistic_regression_l2_lbfgs,5,fixed,0.05,eligible,isotonic_calibration,slice_key,brier_loss,1,366,366,0.024300148063799192,,,,,insufficient_clusters
fold_2,close_t,sklearn_logistic_regression_l2_lbfgs,5,fixed,0.08,eligible,identity_uncalibrated_reference,entity_id,brier_loss,122,3,3,0.001262262230800413,0.006639340908414324,0.0006010976823739036,8.411077334756207e-05,0.002440413688253264,pass
fold_2,close_t,sklearn_logistic_regression_l2_lbfgs,5,fixed,0.08,eligible,identity_uncalibrated_reference,trade_date,brier_loss,3,122,122,0.001262262230800413,0.0004684636800101001,0.000270467631759394,0.0007321456725520007,0.0017923787890488253,pass
fold_2,close_t,sklearn_logistic_regression_l2_lbfgs,5,fixed,0.08,eligible,identity_uncalibrated_reference,fold_id,brier_loss,1,366,366,0.001262262230800413,,,,,insufficient_clusters
fold_2,close_t,sklearn_logistic_regression_l2_lbfgs,5,fixed,0.08,eligible,identity_uncalibrated_reference,slice_key,brier_loss,1,366,366,0.001262262230800413,,,,,insufficient_clusters
fold_2,close_t,sklearn_logistic_regression_l2_lbfgs,10,fixed,0.03,eligible,identity_uncalibrated_reference,entity_id,brier_loss,122,3,3,0.25,0.0,0.0,0.25,0.25,pass
fold_2,close_t,sklearn_logistic_regression_l2_lbfgs,10,fixed,0.03,eligible,identity_uncalibrated_reference,trade_date,brier_loss,3,122,122,0.25,0.0,0.0,0.25,0.25,pass
fold_2,close_t,sklearn_logistic_regression_l2_lbfgs,10,fixed,0.03,eligible,identity_uncalibrated_reference,fold_id,brier_loss,1,366,366,0.25,,,,,insufficient_clusters
fold_2,close_t,sklearn_logistic_regression_l2_lbfgs,10,fixed,0.03,eligible,identity_uncalibrated_reference,slice_key,brier_loss,1,366,366,0.25,,,,,insufficient_clusters
fold_2,close_t,sklearn_logistic_regression_l2_lbfgs,10,fixed,0.05,eligible,identity_uncalibrated_reference,entity_id,brier_loss,122,3,3,0.25,0.0,0.0,0.25,0.25,pass
fold_2,close_t,sklearn_logistic_regression_l2_lbfgs,10,fixed,0.05,eligible,identity_uncalibrated_reference,trade_date,brier_loss,3,122,122,0.25,0.0,0.0,0.25,0.25,pass
fold_2,close_t,sklearn_logistic_regression_l2_lbfgs,10,fixed,0.05,eligible,identity_uncalibrated_reference,fold_id,brier_loss,1,366,366,0.25,,,,,insufficient_clusters
fold_2,close_t,sklearn_logistic_regression_l2_lbfgs,10,fixed,0.05,eligible,identity_uncalibrated_reference,slice_key,brier_loss,1,366,366,0.25,,,,,insufficient_clusters
fold_2,close_t,sklearn_logistic_regression_l2_lbfgs,10,fixed,0.08,eligible,identity_uncalibrated_reference,entity_id,brier_loss,122,3,3,0.25,0.0,0.0,0.25,0.25,pass
fold_2,close_t,sklearn_logistic_regression_l2_lbfgs,10,fixed,0.08,eligible,identity_uncalibrated_reference,trade_date,brier_loss,3,122,122,0.25,0.0,0.0,0.25,0.25,pass
fold_2,close_t,sklearn_logistic_regression_l2_lbfgs,10,fixed,0.08,eligible,identity_uncalibrated_reference,fold_id,brier_loss,1,366,366,0.25,,,,,insufficient_clusters
fold_2,close_t,sklearn_logistic_regression_l2_lbfgs,10,fixed,0.08,eligible,identity_uncalibrated_reference,slice_key,brier_loss,1,366,366,0.25,,,,,insufficient_clusters
fold_2,close_t,sklearn_logistic_regression_l2_lbfgs,10,fixed,0.1,eligible,identity_uncalibrated_reference,entity_id,brier_loss,122,3,3,0.25,0.0,0.0,0.25,0.25,pass
fold_2,close_t,sklearn_logistic_regression_l2_lbfgs,10,fixed,0.1,eligible,identity_uncalibrated_reference,trade_date,brier_loss,3,122,122,0.25,0.0,0.0,0.25,0.25,pass
fold_2,close_t,sklearn_logistic_regression_l2_lbfgs,10,fixed,0.1,eligible,identity_uncalibrated_reference,fold_id,brier_loss,1,366,366,0.25,,,,,insufficient_clusters
fold_2,close_t,sklearn_logistic_regression_l2_lbfgs,10,fixed,0.1,eligible,identity_uncalibrated_reference,slice_key,brier_loss,1,366,366,0.25,,,,,insufficient_clusters
fold_3,close_t_minus_1,sklearn_logistic_regression_l2_lbfgs,1,fixed,0.03,diagnostic_only,identity_uncalibrated_reference,entity_id,brier_loss,122,3,3,0.22479179060605511,0.12115854865108723,0.010969179591554959,0.2032921986066074,0.24629138260550282,pass
fold_3,close_t_minus_1,sklearn_logistic_regression_l2_lbfgs,1,fixed,0.03,diagnostic_only,identity_uncalibrated_reference,trade_date,brier_loss,3,122,122,0.22479179060605514,0.046520842804541974,0.026858821116130575,0.17214850121843922,0.27743507999367106,pass
fold_3,close_t_minus_1,sklearn_logistic_regression_l2_lbfgs,1,fixed,0.03,diagnostic_only,identity_uncalibrated_reference,fold_id,brier_loss,1,366,366,0.22479179060605511,,,,,insufficient_clusters
fold_3,close_t_minus_1,sklearn_logistic_regression_l2_lbfgs,1,fixed,0.03,diagnostic_only,identity_uncalibrated_reference,slice_key,brier_loss,1,366,366,0.22479179060605511,,,,,insufficient_clusters
fold_3,close_t_minus_1,sklearn_logistic_regression_l2_lbfgs,1,fixed,0.03,diagnostic_only,platt_logistic_calibration,entity_id,brier_loss,122,3,3,0.029745655170532646,0.09478879470453737,0.008581774245046421,0.012925377650241661,0.04656593269082363,pass
fold_3,close_t_minus_1,sklearn_logistic_regression_l2_lbfgs,1,fixed,0.03,diagnostic_only,platt_logistic_calibration,trade_date,brier_loss,3,122,122,0.02974565517053265,0.05147061209279355,0.029716571747129165,-0.02849882545384051,0.0879901357949058,pass
fold_3,close_t_minus_1,sklearn_logistic_regression_l2_lbfgs,1,fixed,0.03,diagnostic_only,platt_logistic_calibration,fold_id,brier_loss,1,366,366,0.029745655170532646,,,,,insufficient_clusters
fold_3,close_t_minus_1,sklearn_logistic_regression_l2_lbfgs,1,fixed,0.03,diagnostic_only,platt_logistic_calibration,slice_key,brier_loss,1,366,366,0.029745655170532646,,,,,insufficient_clusters
fold_3,close_t_minus_1,sklearn_logistic_regression_l2_lbfgs,1,fixed,0.03,diagnostic_only,isotonic_calibration,entity_id,brier_loss,122,3,3,0.02978074449412669,0.09489462752605235,0.008591355898498064,0.012941686933070483,0.046619802055182895,pass
fold_3,close_t_minus_1,sklearn_logistic_regression_l2_lbfgs,1,fixed,0.03,diagnostic_only,isotonic_calibration,trade_date,brier_loss,3,122,122,0.029780744494126682,0.051528887215449265,0.0297502169048815,-0.028529680639441057,0.08809116962769442,pass
fold_3,close_t_minus_1,sklearn_logistic_regression_l2_lbfgs,1,fixed,0.03,diagnostic_only,isotonic_calibration,fold_id,brier_loss,1,366,366,0.029780744494126682,,,,,insufficient_clusters
fold_3,close_t_minus_1,sklearn_logistic_regression_l2_lbfgs,1,fixed,0.03,diagnostic_only,isotonic_calibration,slice_key,brier_loss,1,366,366,0.029780744494126682,,,,,insufficient_clusters
fold_3,close_t_minus_1,sklearn_logistic_regression_l2_lbfgs,3,fixed,0.03,diagnostic_only,identity_uncalibrated_reference,entity_id,brier_loss,122,3,3,0.15901077842257505,0.15303712854703957,0.013855330605211037,0.1318543304363614,0.1861672264087887,pass
fold_3,close_t_minus_1,sklearn_logistic_regression_l2_lbfgs,3,fixed,0.03,diagnostic_only,identity_uncalibrated_reference,trade_date,brier_loss,3,122,122,0.15901077842257505,0.01433886371509572,0.008278546825783873,0.14278482664403866,0.17523673020111144,pass
fold_3,close_t_minus_1,sklearn_logistic_regression_l2_lbfgs,3,fixed,0.03,diagnostic_only,identity_uncalibrated_reference,fold_id,brier_loss,1,366,366,0.15901077842257505,,,,,insufficient_clusters
fold_3,close_t_minus_1,sklearn_logistic_regression_l2_lbfgs,3,fixed,0.03,diagnostic_only,identity_uncalibrated_reference,slice_key,brier_loss,1,366,366,0.15901077842257505,,,,,insufficient_clusters
fold_3,close_t_minus_1,sklearn_logistic_regression_l2_lbfgs,3,fixed,0.03,diagnostic_only,platt_logistic_calibration,entity_id,brier_loss,122,3,3,0.062153355647505654,0.2089691606604728,0.01891917886027482,0.025071765081367013,0.09923494621364429,pass
fold_3,close_t_minus_1,sklearn_logistic_regression_l2_lbfgs,3,fixed,0.03,diagnostic_only,platt_logistic_calibration,trade_date,brier_loss,3,122,122,0.06215335564750565,0.02475601681989983,0.01429289297503207,0.03413928541644279,0.0901674258785685,pass
fold_3,close_t_minus_1,sklearn_logistic_regression_l2_lbfgs,3,fixed,0.03,diagnostic_only,platt_logistic_calibration,fold_id,brier_loss,1,366,366,0.062153355647505654,,,,,insufficient_clusters
fold_3,close_t_minus_1,sklearn_logistic_regression_l2_lbfgs,3,fixed,0.03,diagnostic_only,platt_logistic_calibration,slice_key,brier_loss,1,366,366,0.062153355647505654,,,,,insufficient_clusters
fold_3,close_t_minus_1,sklearn_logistic_regression_l2_lbfgs,3,fixed,0.03,diagnostic_only,isotonic_calibration,entity_id,brier_loss,122,3,3,0.06245808938477302,0.2102629488010905,0.019036312934806607,0.02514691603255207,0.09976926273699396,pass
fold_3,close_t_minus_1,sklearn_logistic_regression_l2_lbfgs,3,fixed,0.03,diagnostic_only,isotonic_calibration,trade_date,brier_loss,3,122,122,0.06245808938477302,0.02479368669129874,0.014314641685424569,0.03440139168134086,0.09051478708820518,pass
fold_3,close_t_minus_1,sklearn_logistic_regression_l2_lbfgs,3,fixed,0.03,diagnostic_only,isotonic_calibration,fold_id,brier_loss,1,366,366,0.06245808938477302,,,,,insufficient_clusters
fold_3,close_t_minus_1,sklearn_logistic_regression_l2_lbfgs,3,fixed,0.03,diagnostic_only,isotonic_calibration,slice_key,brier_loss,1,366,366,0.06245808938477302,,,,,insufficient_clusters
fold_3,close_t_minus_1,sklearn_logistic_regression_l2_lbfgs,3,fixed,0.05,diagnostic_only,identity_uncalibrated_reference,entity_id,brier_loss,122,3,3,0.2076513889138128,0.13866661831327895,0.012554285740185873,0.18304498886304849,0.2322577889645771,pass
fold_3,close_t_minus_1,sklearn_logistic_regression_l2_lbfgs,3,fixed,0.05,diagnostic_only,identity_uncalibrated_reference,trade_date,brier_loss,3,122,122,0.20765138891381282,0.008116743265846698,0.004686203909479674,0.19846642925123267,0.21683634857639297,pass
fold_3,close_t_minus_1,sklearn_logistic_regression_l2_lbfgs,3,fixed,0.05,diagnostic_only,identity_uncalibrated_reference,fold_id,brier_loss,1,366,366,0.2076513889138128,,,,,insufficient_clusters
fold_3,close_t_minus_1,sklearn_logistic_regression_l2_lbfgs,3,fixed,0.05,diagnostic_only,identity_uncalibrated_reference,slice_key,brier_loss,1,366,366,0.2076513889138128,,,,,insufficient_clusters
fold_3,close_t_minus_1,sklearn_logistic_regression_l2_lbfgs,5,fixed,0.03,eligible,identity_uncalibrated_reference,entity_id,brier_loss,122,3,3,0.3803467622416015,0.17988339709234372,0.016285877556417947,0.34842644223102237,0.41226708225218067,pass
fold_3,close_t_minus_1,sklearn_logistic_regression_l2_lbfgs,5,fixed,0.03,eligible,identity_uncalibrated_reference,trade_date,brier_loss,3,122,122,0.3803467622416015,0.03184359936872014,0.01838491066749717,0.3443123373333071,0.41638118714989597,pass
fold_3,close_t_minus_1,sklearn_logistic_regression_l2_lbfgs,5,fixed,0.03,eligible,identity_uncalibrated_reference,fold_id,brier_loss,1,366,366,0.3803467622416015,,,,,insufficient_clusters
fold_3,close_t_minus_1,sklearn_logistic_regression_l2_lbfgs,5,fixed,0.03,eligible,identity_uncalibrated_reference,slice_key,brier_loss,1,366,366,0.3803467622416015,,,,,insufficient_clusters
fold_3,close_t_minus_1,sklearn_logistic_regression_l2_lbfgs,5,fixed,0.03,eligible,platt_logistic_calibration,entity_id,brier_loss,122,3,3,0.06059778477806445,0.20308855560195893,0.018386773894120856,0.024559707945587574,0.09663586161054133,pass
fold_3,close_t_minus_1,sklearn_logistic_regression_l2_lbfgs,5,fixed,0.03,eligible,platt_logistic_calibration,trade_date,brier_loss,3,122,122,0.060597784778064455,0.023993851130132846,0.013852856408878006,0.033446186216663565,0.08774938333946534,pass
fold_3,close_t_minus_1,sklearn_logistic_regression_l2_lbfgs,5,fixed,0.03,eligible,platt_logistic_calibration,fold_id,brier_loss,1,366,366,0.06059778477806444,,,,,insufficient_clusters
fold_3,close_t_minus_1,sklearn_logistic_regression_l2_lbfgs,5,fixed,0.03,eligible,platt_logistic_calibration,slice_key,brier_loss,1,366,366,0.06059778477806444,,,,,insufficient_clusters
fold_3,close_t_minus_1,sklearn_logistic_regression_l2_lbfgs,5,fixed,0.03,eligible,isotonic_calibration,entity_id,brier_loss,122,3,3,0.06104572670212579,0.20444265400314907,0.018509368203087587,0.024767365024074117,0.09732408838017746,pass
fold_3,close_t_minus_1,sklearn_logistic_regression_l2_lbfgs,5,fixed,0.03,eligible,isotonic_calibration,trade_date,brier_loss,3,122,122,0.061045726702125803,0.02421811842681955,0.013982337192990503,0.03364034580386442,0.08845110760038719,pass
fold_3,close_t_minus_1,sklearn_logistic_regression_l2_lbfgs,5,fixed,0.03,eligible,isotonic_calibration,fold_id,brier_loss,1,366,366,0.061045726702125803,,,,,insufficient_clusters
fold_3,close_t_minus_1,sklearn_logistic_regression_l2_lbfgs,5,fixed,0.03,eligible,isotonic_calibration,slice_key,brier_loss,1,366,366,0.061045726702125803,,,,,insufficient_clusters
fold_3,close_t_minus_1,sklearn_logistic_regression_l2_lbfgs,5,fixed,0.05,eligible,identity_uncalibrated_reference,entity_id,brier_loss,122,3,3,0.4910160303355016,0.21323203536672092,0.019305121402090775,0.4531779923874037,0.5288540682835995,pass
fold_3,close_t_minus_1,sklearn_logistic_regression_l2_lbfgs,5,fixed,0.05,eligible,identity_uncalibrated_reference,trade_date,brier_loss,3,122,122,0.4910160303355016,0.0331673140846425,0.019149157715065212,0.4534836812139738,0.5285483794570295,pass
fold_3,close_t_minus_1,sklearn_logistic_regression_l2_lbfgs,5,fixed,0.05,eligible,identity_uncalibrated_reference,fold_id,brier_loss,1,366,366,0.4910160303355017,,,,,insufficient_clusters
fold_3,close_t_minus_1,sklearn_logistic_regression_l2_lbfgs,5,fixed,0.05,eligible,identity_uncalibrated_reference,slice_key,brier_loss,1,366,366,0.4910160303355017,,,,,insufficient_clusters
fold_3,close_t_minus_1,sklearn_logistic_regression_l2_lbfgs,5,fixed,0.08,eligible,identity_uncalibrated_reference,entity_id,brier_loss,122,3,3,0.4989704395997935,0.2136300828032784,0.019341158923719817,0.46106176810930266,0.5368791110902843,pass
fold_3,close_t_minus_1,sklearn_logistic_regression_l2_lbfgs,5,fixed,0.08,eligible,identity_uncalibrated_reference,trade_date,brier_loss,3,122,122,0.4989704395997934,0.0361607836443924,0.020877438171197773,0.4580506607842458,0.539890218415341,pass
fold_3,close_t_minus_1,sklearn_logistic_regression_l2_lbfgs,5,fixed,0.08,eligible,identity_uncalibrated_reference,fold_id,brier_loss,1,366,366,0.4989704395997934,,,,,insufficient_clusters
fold_3,close_t_minus_1,sklearn_logistic_regression_l2_lbfgs,5,fixed,0.08,eligible,identity_uncalibrated_reference,slice_key,brier_loss,1,366,366,0.4989704395997934,,,,,insufficient_clusters
fold_3,close_t_minus_1,sklearn_logistic_regression_l2_lbfgs,10,fixed,0.03,eligible,identity_uncalibrated_reference,entity_id,brier_loss,122,3,3,0.3735025433046543,0.3159924386340207,0.02860861117552582,0.31742966540062373,0.4295754212086849,pass
fold_3,close_t_minus_1,sklearn_logistic_regression_l2_lbfgs,10,fixed,0.03,eligible,identity_uncalibrated_reference,trade_date,brier_loss,3,122,122,0.3735025433046542,0.2624909765341847,0.15154923596185926,0.07646604081941005,0.6705390457898983,pass
fold_3,close_t_minus_1,sklearn_logistic_regression_l2_lbfgs,10,fixed,0.03,eligible,identity_uncalibrated_reference,fold_id,brier_loss,1,366,366,0.37350254330465427,,,,,insufficient_clusters
fold_3,close_t_minus_1,sklearn_logistic_regression_l2_lbfgs,10,fixed,0.03,eligible,identity_uncalibrated_reference,slice_key,brier_loss,1,366,366,0.37350254330465427,,,,,insufficient_clusters
fold_3,close_t_minus_1,sklearn_logistic_regression_l2_lbfgs,10,fixed,0.03,eligible,platt_logistic_calibration,entity_id,brier_loss,122,3,3,0.3709149896856198,0.31667526632314663,0.028670431489779324,0.3147209439656523,0.4271090354055873,pass
fold_3,close_t_minus_1,sklearn_logistic_regression_l2_lbfgs,10,fixed,0.03,eligible,platt_logistic_calibration,trade_date,brier_loss,3,122,122,0.37091498968561987,0.26053154139216267,0.15041795555515325,0.07609579679751949,0.6657341825737202,pass
fold_3,close_t_minus_1,sklearn_logistic_regression_l2_lbfgs,10,fixed,0.03,eligible,platt_logistic_calibration,fold_id,brier_loss,1,366,366,0.3709149896856198,,,,,insufficient_clusters
fold_3,close_t_minus_1,sklearn_logistic_regression_l2_lbfgs,10,fixed,0.03,eligible,platt_logistic_calibration,slice_key,brier_loss,1,366,366,0.3709149896856198,,,,,insufficient_clusters
fold_3,close_t_minus_1,sklearn_logistic_regression_l2_lbfgs,10,fixed,0.03,eligible,isotonic_calibration,entity_id,brier_loss,122,3,3,0.3686653717169425,0.31353650157893187,0.028386261082009884,0.31302829999620313,0.4243024434376819,pass
fold_3,close_t_minus_1,sklearn_logistic_regression_l2_lbfgs,10,fixed,0.03,eligible,isotonic_calibration,trade_date,brier_loss,3,122,122,0.3686653717169425,0.2594151682282998,0.14977341720848095,0.07510947398831985,0.6622212694455651,pass
fold_3,close_t_minus_1,sklearn_logistic_regression_l2_lbfgs,10,fixed,0.03,eligible,isotonic_calibration,fold_id,brier_loss,1,366,366,0.3686653717169425,,,,,insufficient_clusters
fold_3,close_t_minus_1,sklearn_logistic_regression_l2_lbfgs,10,fixed,0.03,eligible,isotonic_calibration,slice_key,brier_loss,1,366,366,0.3686653717169425,,,,,insufficient_clusters
fold_3,close_t_minus_1,sklearn_logistic_regression_l2_lbfgs,10,fixed,0.05,eligible,identity_uncalibrated_reference,entity_id,brier_loss,122,3,3,0.1471064149567897,0.27583194744121436,0.024972651143951103,0.09816001871464552,0.19605281119893386,pass
fold_3,close_t_minus_1,sklearn_logistic_regression_l2_lbfgs,10,fixed,0.05,eligible,identity_uncalibrated_reference,trade_date,brier_loss,3,122,122,0.14710641495678967,0.10955602199468627,0.06325219878997668,0.023132105328435376,0.271080724585144,pass
fold_3,close_t_minus_1,sklearn_logistic_regression_l2_lbfgs,10,fixed,0.05,eligible,identity_uncalibrated_reference,fold_id,brier_loss,1,366,366,0.14710641495678967,,,,,insufficient_clusters
fold_3,close_t_minus_1,sklearn_logistic_regression_l2_lbfgs,10,fixed,0.05,eligible,identity_uncalibrated_reference,slice_key,brier_loss,1,366,366,0.14710641495678967,,,,,insufficient_clusters
fold_3,close_t_minus_1,sklearn_logistic_regression_l2_lbfgs,10,fixed,0.08,eligible,identity_uncalibrated_reference,entity_id,brier_loss,122,3,3,0.03291848192374924,0.1231228375446743,0.011147017951978899,0.011070326737870603,0.05476663710962788,pass
fold_3,close_t_minus_1,sklearn_logistic_regression_l2_lbfgs,10,fixed,0.08,eligible,identity_uncalibrated_reference,trade_date,brier_loss,3,122,122,0.03291848192374924,0.03660906481604226,0.021136253426322457,-0.00850857479184277,0.07434553863934126,pass
fold_3,close_t_minus_1,sklearn_logistic_regression_l2_lbfgs,10,fixed,0.08,eligible,identity_uncalibrated_reference,fold_id,brier_loss,1,366,366,0.03291848192374925,,,,,insufficient_clusters
fold_3,close_t_minus_1,sklearn_logistic_regression_l2_lbfgs,10,fixed,0.08,eligible,identity_uncalibrated_reference,slice_key,brier_loss,1,366,366,0.03291848192374925,,,,,insufficient_clusters
fold_3,close_t_minus_1,sklearn_logistic_regression_l2_lbfgs,10,fixed,0.1,eligible,identity_uncalibrated_reference,entity_id,brier_loss,122,3,3,0.0031971147333016265,0.029192288839852143,0.0026429456488047016,-0.0019830587383555883,0.008377288204958842,pass
fold_3,close_t_minus_1,sklearn_logistic_regression_l2_lbfgs,10,fixed,0.1,eligible,identity_uncalibrated_reference,trade_date,brier_loss,3,122,122,0.003197114733301627,0.004372229157606274,0.0025243076811027132,-0.0017505283216596905,0.008144757788262943,pass
fold_3,close_t_minus_1,sklearn_logistic_regression_l2_lbfgs,10,fixed,0.1,eligible,identity_uncalibrated_reference,fold_id,brier_loss,1,366,366,0.0031971147333016274,,,,,insufficient_clusters
fold_3,close_t_minus_1,sklearn_logistic_regression_l2_lbfgs,10,fixed,0.1,eligible,identity_uncalibrated_reference,slice_key,brier_loss,1,366,366,0.0031971147333016274,,,,,insufficient_clusters
fold_3,close_t,sklearn_logistic_regression_l2_lbfgs,1,fixed,0.03,diagnostic_only,identity_uncalibrated_reference,entity_id,brier_loss,122,3,3,0.19545047166860552,0.12536228306661482,0.01134976782302936,0.17320492673546797,0.21769601660174306,pass
fold_3,close_t,sklearn_logistic_regression_l2_lbfgs,1,fixed,0.03,diagnostic_only,identity_uncalibrated_reference,trade_date,brier_loss,3,122,122,0.19545047166860555,0.02494639018486853,0.014402805088543285,0.1672209736950607,0.2236799696421504,pass
fold_3,close_t,sklearn_logistic_regression_l2_lbfgs,1,fixed,0.03,diagnostic_only,identity_uncalibrated_reference,fold_id,brier_loss,1,366,366,0.19545047166860555,,,,,insufficient_clusters
fold_3,close_t,sklearn_logistic_regression_l2_lbfgs,1,fixed,0.03,diagnostic_only,identity_uncalibrated_reference,slice_key,brier_loss,1,366,366,0.19545047166860555,,,,,insufficient_clusters
fold_3,close_t,sklearn_logistic_regression_l2_lbfgs,1,fixed,0.03,diagnostic_only,platt_logistic_calibration,entity_id,brier_loss,122,3,3,0.02973881053074399,0.09476673903593424,0.00857977741863497,0.01292244679021945,0.04655517427126853,pass
fold_3,close_t,sklearn_logistic_regression_l2_lbfgs,1,fixed,0.03,diagnostic_only,platt_logistic_calibration,trade_date,brier_loss,3,122,122,0.029738810530743995,0.051458888194974226,0.029709802951567225,-0.028492403254327767,0.08797002431581576,pass
fold_3,close_t,sklearn_logistic_regression_l2_lbfgs,1,fixed,0.03,diagnostic_only,platt_logistic_calibration,fold_id,brier_loss,1,366,366,0.029738810530743995,,,,,insufficient_clusters
fold_3,close_t,sklearn_logistic_regression_l2_lbfgs,1,fixed,0.03,diagnostic_only,platt_logistic_calibration,slice_key,brier_loss,1,366,366,0.029738810530743995,,,,,insufficient_clusters
fold_3,close_t,sklearn_logistic_regression_l2_lbfgs,1,fixed,0.03,diagnostic_only,isotonic_calibration,entity_id,brier_loss,122,3,3,0.02983836097318656,0.0950776306008176,0.008607924218400011,0.01296682950512254,0.04670989244125058,pass
fold_3,close_t,sklearn_logistic_regression_l2_lbfgs,1,fixed,0.03,diagnostic_only,isotonic_calibration,trade_date,brier_loss,3,122,122,0.029838360973186557,0.05162808400887411,0.02980748820026808,-0.028584315899338877,0.08826103784571199,pass
fold_3,close_t,sklearn_logistic_regression_l2_lbfgs,1,fixed,0.03,diagnostic_only,isotonic_calibration,fold_id,brier_loss,1,366,366,0.029838360973186564,,,,,insufficient_clusters
fold_3,close_t,sklearn_logistic_regression_l2_lbfgs,1,fixed,0.03,diagnostic_only,isotonic_calibration,slice_key,brier_loss,1,366,366,0.029838360973186564,,,,,insufficient_clusters
fold_3,close_t,sklearn_logistic_regression_l2_lbfgs,3,fixed,0.03,diagnostic_only,identity_uncalibrated_reference,entity_id,brier_loss,122,3,3,0.13628795973190183,0.18184911596861972,0.016463845381391454,0.10401882278437458,0.16855709667942909,pass
fold_3,close_t,sklearn_logistic_regression_l2_lbfgs,3,fixed,0.03,diagnostic_only,identity_uncalibrated_reference,trade_date,brier_loss,3,122,122,0.13628795973190186,0.02839911061609614,0.01639623415894907,0.10415134078036169,0.16842457868344202,pass
fold_3,close_t,sklearn_logistic_regression_l2_lbfgs,3,fixed,0.03,diagnostic_only,identity_uncalibrated_reference,fold_id,brier_loss,1,366,366,0.13628795973190186,,,,,insufficient_clusters
fold_3,close_t,sklearn_logistic_regression_l2_lbfgs,3,fixed,0.03,diagnostic_only,identity_uncalibrated_reference,slice_key,brier_loss,1,366,366,0.13628795973190186,,,,,insufficient_clusters
fold_3,close_t,sklearn_logistic_regression_l2_lbfgs,3,fixed,0.03,diagnostic_only,platt_logistic_calibration,entity_id,brier_loss,122,3,3,0.06217530671441576,0.2090485132128884,0.018926363102808142,0.0250796350329118,0.09927097839591972,pass
fold_3,close_t,sklearn_logistic_regression_l2_lbfgs,3,fixed,0.03,diagnostic_only,platt_logistic_calibration,trade_date,brier_loss,3,122,122,0.062175306714415755,0.024765845554798264,0.014298567597771476,0.03415011422278366,0.09020049920604785,pass
fold_3,close_t,sklearn_logistic_regression_l2_lbfgs,3,fixed,0.03,diagnostic_only,platt_logistic_calibration,fold_id,brier_loss,1,366,366,0.062175306714415755,,,,,insufficient_clusters
fold_3,close_t,sklearn_logistic_regression_l2_lbfgs,3,fixed,0.03,diagnostic_only,platt_logistic_calibration,slice_key,brier_loss,1,366,366,0.062175306714415755,,,,,insufficient_clusters
fold_3,close_t,sklearn_logistic_regression_l2_lbfgs,3,fixed,0.03,diagnostic_only,isotonic_calibration,entity_id,brier_loss,122,3,3,0.06269378627109405,0.21081432830339655,0.019086232489400435,0.025284770591869198,0.1001028019503189,pass
fold_3,close_t,sklearn_logistic_regression_l2_lbfgs,3,fixed,0.03,diagnostic_only,isotonic_calibration,trade_date,brier_loss,3,122,122,0.06269378627109405,0.02498340469149163,0.014424175423906052,0.03442240244023819,0.0909651701019499,pass
fold_3,close_t,sklearn_logistic_regression_l2_lbfgs,3,fixed,0.03,diagnostic_only,isotonic_calibration,fold_id,brier_loss,1,366,366,0.06269378627109405,,,,,insufficient_clusters
fold_3,close_t,sklearn_logistic_regression_l2_lbfgs,3,fixed,0.03,diagnostic_only,isotonic_calibration,slice_key,brier_loss,1,366,366,0.06269378627109405,,,,,insufficient_clusters
fold_3,close_t,sklearn_logistic_regression_l2_lbfgs,3,fixed,0.05,diagnostic_only,identity_uncalibrated_reference,entity_id,brier_loss,122,3,3,0.3400169934797897,0.2425789161312868,0.021962063146131583,0.2969713497133718,0.3830626372462076,pass
fold_3,close_t,sklearn_logistic_regression_l2_lbfgs,3,fixed,0.05,diagnostic_only,identity_uncalibrated_reference,trade_date,brier_loss,3,122,122,0.3400169934797897,0.05997331926538423,0.03462561202206496,0.2721507939165424,0.407883193043037,pass
fold_3,close_t,sklearn_logistic_regression_l2_lbfgs,3,fixed,0.05,diagnostic_only,identity_uncalibrated_reference,fold_id,brier_loss,1,366,366,0.3400169934797897,,,,,insufficient_clusters
fold_3,close_t,sklearn_logistic_regression_l2_lbfgs,3,fixed,0.05,diagnostic_only,identity_uncalibrated_reference,slice_key,brier_loss,1,366,366,0.3400169934797897,,,,,insufficient_clusters
fold_3,close_t,sklearn_logistic_regression_l2_lbfgs,5,fixed,0.03,eligible,identity_uncalibrated_reference,entity_id,brier_loss,122,3,3,0.2727902198494637,0.21138295533803883,0.01913771356220172,0.23528030126754834,0.3103001384313791,pass
fold_3,close_t,sklearn_logistic_regression_l2_lbfgs,5,fixed,0.03,eligible,identity_uncalibrated_reference,trade_date,brier_loss,3,122,122,0.27279021984946367,0.039077418936133396,0.022561358342012398,0.22856995749911937,0.317010482199808,pass
fold_3,close_t,sklearn_logistic_regression_l2_lbfgs,5,fixed,0.03,eligible,identity_uncalibrated_reference,fold_id,brier_loss,1,366,366,0.27279021984946367,,,,,insufficient_clusters
fold_3,close_t,sklearn_logistic_regression_l2_lbfgs,5,fixed,0.03,eligible,identity_uncalibrated_reference,slice_key,brier_loss,1,366,366,0.27279021984946367,,,,,insufficient_clusters
fold_3,close_t,sklearn_logistic_regression_l2_lbfgs,5,fixed,0.03,eligible,platt_logistic_calibration,entity_id,brier_loss,122,3,3,0.060531089253889996,0.20264591286531372,0.018346698903728382,0.02457155940258237,0.09649061910519763,pass
fold_3,close_t,sklearn_logistic_regression_l2_lbfgs,5,fixed,0.03,eligible,platt_logistic_calibration,trade_date,brier_loss,3,122,122,0.06053108925388998,0.02406336125317281,0.013892988097126534,0.033300832583521976,0.087761345924258,pass
fold_3,close_t,sklearn_logistic_regression_l2_lbfgs,5,fixed,0.03,eligible,platt_logistic_calibration,fold_id,brier_loss,1,366,366,0.06053108925388999,,,,,insufficient_clusters
fold_3,close_t,sklearn_logistic_regression_l2_lbfgs,5,fixed,0.03,eligible,platt_logistic_calibration,slice_key,brier_loss,1,366,366,0.06053108925388999,,,,,insufficient_clusters
fold_3,close_t,sklearn_logistic_regression_l2_lbfgs,5,fixed,0.03,eligible,isotonic_calibration,entity_id,brier_loss,122,3,3,0.06157202778260103,0.2068080559470896,0.018723521632772668,0.024873925382366602,0.09827013018283545,pass
fold_3,close_t,sklearn_logistic_regression_l2_lbfgs,5,fixed,0.03,eligible,isotonic_calibration,trade_date,brier_loss,3,122,122,0.061572027782601034,0.024303819799236962,0.014031816903425618,0.03406966665188682,0.08907438891331525,pass
fold_3,close_t,sklearn_logistic_regression_l2_lbfgs,5,fixed,0.03,eligible,isotonic_calibration,fold_id,brier_loss,1,366,366,0.06157202778260103,,,,,insufficient_clusters
fold_3,close_t,sklearn_logistic_regression_l2_lbfgs,5,fixed,0.03,eligible,isotonic_calibration,slice_key,brier_loss,1,366,366,0.06157202778260103,,,,,insufficient_clusters
fold_3,close_t,sklearn_logistic_regression_l2_lbfgs,5,fixed,0.05,eligible,identity_uncalibrated_reference,entity_id,brier_loss,122,3,3,0.5031015432252716,0.2575661400927921,0.023318942648592775,0.4573964156340297,0.5488066708165134,pass
fold_3,close_t,sklearn_logistic_regression_l2_lbfgs,5,fixed,0.05,eligible,identity_uncalibrated_reference,trade_date,brier_loss,3,122,122,0.5031015432252716,0.05811162887064794,0.03355076457151622,0.4373420446650998,0.5688610417854434,pass
fold_3,close_t,sklearn_logistic_regression_l2_lbfgs,5,fixed,0.05,eligible,identity_uncalibrated_reference,fold_id,brier_loss,1,366,366,0.5031015432252716,,,,,insufficient_clusters
fold_3,close_t,sklearn_logistic_regression_l2_lbfgs,5,fixed,0.05,eligible,identity_uncalibrated_reference,slice_key,brier_loss,1,366,366,0.5031015432252716,,,,,insufficient_clusters
fold_3,close_t,sklearn_logistic_regression_l2_lbfgs,5,fixed,0.08,eligible,identity_uncalibrated_reference,entity_id,brier_loss,122,3,3,0.5170468609983849,0.24527518491915098,0.022206171852372024,0.47352276416773575,0.5605709578290341,pass
fold_3,close_t,sklearn_logistic_regression_l2_lbfgs,5,fixed,0.08,eligible,identity_uncalibrated_reference,trade_date,brier_loss,3,122,122,0.5170468609983849,0.05231228592643468,0.030202512361551734,0.4578499367697435,0.5762437852270264,pass
fold_3,close_t,sklearn_logistic_regression_l2_lbfgs,5,fixed,0.08,eligible,identity_uncalibrated_reference,fold_id,brier_loss,1,366,366,0.5170468609983849,,,,,insufficient_clusters
fold_3,close_t,sklearn_logistic_regression_l2_lbfgs,5,fixed,0.08,eligible,identity_uncalibrated_reference,slice_key,brier_loss,1,366,366,0.5170468609983849,,,,,insufficient_clusters
fold_3,close_t,sklearn_logistic_regression_l2_lbfgs,10,fixed,0.03,eligible,identity_uncalibrated_reference,entity_id,brier_loss,122,3,3,0.2618141555188904,0.21735154893404002,0.019678084636240285,0.22324510963185945,0.3003832014059214,pass
fold_3,close_t,sklearn_logistic_regression_l2_lbfgs,10,fixed,0.03,eligible,identity_uncalibrated_reference,trade_date,brier_loss,3,122,122,0.2618141555188904,0.11850952013909198,0.06842150335383813,0.12770800894536768,0.39592030209241313,pass
fold_3,close_t,sklearn_logistic_regression_l2_lbfgs,10,fixed,0.03,eligible,identity_uncalibrated_reference,fold_id,brier_loss,1,366,366,0.2618141555188904,,,,,insufficient_clusters
fold_3,close_t,sklearn_logistic_regression_l2_lbfgs,10,fixed,0.03,eligible,identity_uncalibrated_reference,slice_key,brier_loss,1,366,366,0.2618141555188904,,,,,insufficient_clusters
fold_3,close_t,sklearn_logistic_regression_l2_lbfgs,10,fixed,0.03,eligible,platt_logistic_calibration,entity_id,brier_loss,122,3,3,0.3710104575548622,0.31675012552083126,0.028677208923089847,0.3148031280656061,0.42721778704411834,pass
fold_3,close_t,sklearn_logistic_regression_l2_lbfgs,10,fixed,0.03,eligible,platt_logistic_calibration,trade_date,brier_loss,3,122,122,0.3710104575548622,0.26063706206391224,0.15047887794339293,0.07607185678581208,0.6659490583239124,pass
fold_3,close_t,sklearn_logistic_regression_l2_lbfgs,10,fixed,0.03,eligible,platt_logistic_calibration,fold_id,brier_loss,1,366,366,0.37101045755486217,,,,,insufficient_clusters
fold_3,close_t,sklearn_logistic_regression_l2_lbfgs,10,fixed,0.03,eligible,platt_logistic_calibration,slice_key,brier_loss,1,366,366,0.37101045755486217,,,,,insufficient_clusters
fold_3,close_t,sklearn_logistic_regression_l2_lbfgs,10,fixed,0.03,eligible,isotonic_calibration,entity_id,brier_loss,122,3,3,0.3702398448998985,0.31613874250750695,0.028621856905860808,0.3141410053644113,0.42633868443538564,pass
fold_3,close_t,sklearn_logistic_regression_l2_lbfgs,10,fixed,0.03,eligible,isotonic_calibration,trade_date,brier_loss,3,122,122,0.3702398448998984,0.25849648191854485,0.1492430134202431,0.07772353859622194,0.6627561512035749,pass
fold_3,close_t,sklearn_logistic_regression_l2_lbfgs,10,fixed,0.03,eligible,isotonic_calibration,fold_id,brier_loss,1,366,366,0.3702398448998984,,,,,insufficient_clusters
fold_3,close_t,sklearn_logistic_regression_l2_lbfgs,10,fixed,0.03,eligible,isotonic_calibration,slice_key,brier_loss,1,366,366,0.3702398448998984,,,,,insufficient_clusters
fold_3,close_t,sklearn_logistic_regression_l2_lbfgs,10,fixed,0.05,eligible,identity_uncalibrated_reference,entity_id,brier_loss,122,3,3,0.134448801131774,0.1889507867574198,0.01710680044440383,0.10091947226074248,0.16797813000280548,pass
fold_3,close_t,sklearn_logistic_regression_l2_lbfgs,10,fixed,0.05,eligible,identity_uncalibrated_reference,trade_date,brier_loss,3,122,122,0.13444880113177402,0.07767952406349209,0.04484829412857917,0.04654614463975884,0.2223514576237892,pass
fold_3,close_t,sklearn_logistic_regression_l2_lbfgs,10,fixed,0.05,eligible,identity_uncalibrated_reference,fold_id,brier_loss,1,366,366,0.134448801131774,,,,,insufficient_clusters
fold_3,close_t,sklearn_logistic_regression_l2_lbfgs,10,fixed,0.05,eligible,identity_uncalibrated_reference,slice_key,brier_loss,1,366,366,0.134448801131774,,,,,insufficient_clusters
fold_3,close_t,sklearn_logistic_regression_l2_lbfgs,10,fixed,0.08,eligible,identity_uncalibrated_reference,entity_id,brier_loss,122,3,3,0.08563317834361589,0.07499886982254254,0.006790078631729618,0.07232462422542583,0.09894173246180595,pass
fold_3,close_t,sklearn_logistic_regression_l2_lbfgs,10,fixed,0.08,eligible,identity_uncalibrated_reference,trade_date,brier_loss,3,122,122,0.08563317834361589,0.04425634142584421,0.025551410635559144,0.03555241349791997,0.13571394318931182,pass
fold_3,close_t,sklearn_logistic_regression_l2_lbfgs,10,fixed,0.08,eligible,identity_uncalibrated_reference,fold_id,brier_loss,1,366,366,0.08563317834361588,,,,,insufficient_clusters
fold_3,close_t,sklearn_logistic_regression_l2_lbfgs,10,fixed,0.08,eligible,identity_uncalibrated_reference,slice_key,brier_loss,1,366,366,0.08563317834361588,,,,,insufficient_clusters
fold_3,close_t,sklearn_logistic_regression_l2_lbfgs,10,fixed,0.1,eligible,identity_uncalibrated_reference,entity_id,brier_loss,122,3,3,0.059808048614086326,0.03707689731555172,0.0033567845594053274,0.05322875087765189,0.06638734635052077,pass
fold_3,close_t,sklearn_logistic_regression_l2_lbfgs,10,fixed,0.1,eligible,identity_uncalibrated_reference,trade_date,brier_loss,3,122,122,0.05980804861408632,0.022518739612321398,0.013001200376984849,0.034325695875196016,0.08529040135297662,pass
fold_3,close_t,sklearn_logistic_regression_l2_lbfgs,10,fixed,0.1,eligible,identity_uncalibrated_reference,fold_id,brier_loss,1,366,366,0.05980804861408631,,,,,insufficient_clusters
fold_3,close_t,sklearn_logistic_regression_l2_lbfgs,10,fixed,0.1,eligible,identity_uncalibrated_reference,slice_key,brier_loss,1,366,366,0.05980804861408631,,,,,insufficient_clusters
